id_cliente,nombre,nivel,frecuencia_visitas_mensual,sucursal_frecuente,fecha_alta,canal_alta,fecha_salida
1,José Hernández,Plata,1.4,S1,2023-11-08,restaurante,
2,José García,Oro,3.7,S3,2023-08-23,referencia,
3,José Martínez,Plata,1.5,S2,2023-08-26,campaña,
4,José López,Plata,1.3,S1,2023-02-12,restaurante,
5,José González,Plata,1.9,S1,2023-09-26,restaurante,
6,José Rodríguez,Plata,2.0,S3,2023-12-24,referencia,
7,José Pérez,Oro,3.5,S1,2023-03-10,restaurante,
8,José Sánchez,Plata,1.5,S3,2023-03-28,restaurante,
9,José Ramírez,Oro,2.6,S1,2023-09-27,restaurante,
10,José Flores,Oro,2.8,S1,2023-05-12,restaurante,2024-11-26
11,José Torres,Plata,1.8,S1,2023-09-07,restaurante,
12,José Rivera,Oro,2.0,S2,2023-12-17,restaurante,2025-04-30
13,José Morales,Plata,1.8,S2,2023-08-20,restaurante,
14,José Vázquez,Plata,1.8,S3,2023-05-05,campaña,
15,José Cruz,Plata,2.0,S2,2023-11-16,restaurante,
16,José Ortiz,Oro,2.8,S2,2023-11-01,restaurante,2025-06-02
17,José Gutiérrez,Plata,1.9,S2,2023-09-08,referencia,
18,José Chávez,Plata,1.1,S3,2023-05-11,campaña,2025-06-16
19,José Ramos,Plata,1.9,S2,2023-02-19,restaurante,
20,José Mendoza,Plata,1.1,S1,2023-03-23,restaurante,
21,José Aguilar,Oro,2.8,S2,2023-06-13,referencia,2025-04-19
22,José Castro,Plata,1.7,S3,2023-05-26,restaurante,
23,José Reyes,Plata,2.0,S1,2023-12-23,restaurante,
24,José Medina,Plata,1.1,S3,2022-11-28,referencia,
25,José Silva,Oro,4.0,S2,2023-08-26,restaurante,
26,José Fuentes,Plata,1.4,S2,2023-08-27,campaña,
27,José Salinas,Plata,1.4,S1,2023-04-08,restaurante,2024-10-20
28,José Garza,Plata,1.8,S3,2023-01-04,campaña,
29,José Cantú,VIP,5.3,S1,2023-02-07,restaurante,
30,José Treviño,VIP,7.2,S1,2023-10-27,restaurante,
31,José Cavazos,Oro,2.3,S2,2023-06-19,restaurante,
32,José Zúñiga,Plata,1.1,S2,2023-08-24,restaurante,
33,Juan Hernández,VIP,4.3,S2,2023-11-01,referencia,
34,Juan García,Oro,2.9,S1,2024-01-01,restaurante,2024-08-26
35,Juan Martínez,Oro,2.1,S1,2023-08-19,restaurante,
36,Juan López,Plata,1.2,S1,2023-04-16,campaña,
37,Juan González,Plata,1.9,S2,2023-09-16,campaña,
38,Juan Rodríguez,Plata,1.8,S2,2023-02-06,restaurante,
39,Juan Pérez,VIP,7.0,S2,2023-07-28,restaurante,2024-11-11
40,Juan Sánchez,Plata,1.8,S2,2023-10-13,referencia,
41,Juan Ramírez,Plata,1.5,S3,2023-06-14,campaña,
42,Juan Flores,Plata,1.2,S2,2023-04-26,campaña,
43,Juan Torres,Plata,1.1,S2,2023-10-10,referencia,
44,Juan Rivera,Plata,1.2,S2,2023-10-23,campaña,2024-10-08
45,Juan Morales,Oro,2.8,S2,2023-03-28,restaurante,
46,Juan Vázquez,Oro,3.3,S2,2023-10-22,restaurante,2025-06-20
47,Juan Cruz,Oro,3.8,S1,2023-07-06,restaurante,
48,Juan Ortiz,Plata,1.9,S1,2023-07-04,campaña,
49,Juan Gutiérrez,Oro,3.3,S3,2022-12-19,referencia,2024-08-12
50,Juan Chávez,Plata,1.6,S2,2023-09-08,restaurante,
51,Juan Ramos,Oro,3.7,S2,2023-08-06,restaurante,
52,Juan Mendoza,Plata,1.0,S1,2022-12-25,restaurante,2025-03-03
53,Juan Aguilar,Plata,1.3,S2,2023-05-06,referencia,
54,Juan Castro,Plata,1.8,S2,2023-11-21,restaurante,
55,Juan Reyes,Plata,1.4,S2,2023-02-05,restaurante,
56,Juan Medina,Plata,1.5,S2,2023-10-29,restaurante,
57,Juan Silva,Plata,1.7,S2,2023-08-29,restaurante,
58,Juan Fuentes,Plata,1.2,S3,2024-01-01,restaurante,2024-10-18
59,Juan Salinas,Plata,1.6,S2,2023-02-24,restaurante,
60,Juan Garza,Plata,1.5,S3,2023-10-25,restaurante,
61,Juan Cantú,VIP,7.7,S3,2023-06-26,restaurante,
62,Juan Treviño,Plata,1.6,S2,2023-12-09,restaurante,
63,Juan Cavazos,Plata,1.7,S3,2023-12-22,restaurante,
64,Juan Zúñiga,Plata,1.2,S1,2023-11-21,restaurante,2024-08-21
65,María Hernández,Plata,1.1,S3,2023-07-16,campaña,
66,María García,VIP,5.3,S3,2023-08-17,restaurante,
67,María Martínez,Plata,1.4,S2,2023-08-18,restaurante,2024-10-17
68,María López,Oro,2.4,S3,2023-09-18,restaurante,
69,María González,Plata,1.9,S2,2023-03-28,restaurante,
70,María Rodríguez,Plata,1.1,S1,2023-07-02,restaurante,2024-07-07
71,María Pérez,Plata,1.9,S3,2023-04-29,restaurante,
72,María Sánchez,VIP,7.3,S1,2023-03-31,referencia,
73,María Ramírez,Plata,1.0,S1,2023-06-05,restaurante,
74,María Flores,Plata,1.3,S2,2023-06-28,restaurante,
75,María Torres,Plata,1.8,S3,2022-12-18,restaurante,
76,María Rivera,Plata,2.0,S2,2023-08-24,restaurante,
77,María Morales,Plata,2.0,S2,2023-06-16,restaurante,
78,María Vázquez,Plata,1.4,S1,2023-02-18,campaña,
79,María Cruz,Plata,1.3,S1,2023-05-13,campaña,
80,María Ortiz,Oro,3.7,S1,2023-11-21,restaurante,2025-06-16
81,María Gutiérrez,Oro,2.7,S1,2023-04-10,restaurante,
82,María Chávez,Plata,1.6,S3,2023-07-22,restaurante,
83,María Ramos,Plata,1.9,S3,2023-03-15,restaurante,
84,María Mendoza,Plata,1.5,S3,2023-07-29,campaña,
85,María Aguilar,Oro,2.9,S1,2023-09-07,restaurante,
86,María Castro,Plata,1.3,S1,2023-04-13,restaurante,
87,María Reyes,Oro,2.8,S1,2023-06-03,referencia,
88,María Medina,Oro,3.4,S2,2022-12-10,restaurante,2024-07-05
89,María Silva,Oro,3.1,S2,2023-03-04,restaurante,2024-10-28
90,María Fuentes,Plata,1.8,S2,2023-03-05,campaña,
91,María Salinas,VIP,6.4,S1,2023-11-21,restaurante,
92,María Garza,Plata,1.9,S3,2023-01-28,restaurante,2025-02-14
93,María Cantú,Plata,1.6,S1,2023-07-29,restaurante,
94,María Treviño,Plata,1.7,S1,2023-12-17,referencia,2025-01-25
95,María Cavazos,Plata,1.0,S3,2023-08-20,restaurante,
96,María Zúñiga,Oro,3.0,S3,2023-03-10,restaurante,
97,Guadalupe Hernández,Oro,2.0,S1,2023-05-19,restaurante,
98,Guadalupe García,Plata,1.9,S2,2023-02-21,restaurante,
99,Guadalupe Martínez,VIP,5.1,S3,2023-05-20,campaña,2025-04-26
100,Guadalupe López,Plata,1.8,S3,2023-11-03,restaurante,
101,Guadalupe González,Plata,2.0,S3,2023-06-17,restaurante,
102,Guadalupe Rodríguez,Plata,1.9,S2,2023-01-26,restaurante,
103,Guadalupe Pérez,VIP,7.5,S2,2023-10-18,campaña,
104,Guadalupe Sánchez,Plata,1.1,S3,2023-07-30,restaurante,
105,Guadalupe Ramírez,Plata,1.6,S1,2023-02-11,referencia,
106,Guadalupe Flores,Plata,1.6,S1,2023-01-02,campaña,
107,Guadalupe Torres,VIP,5.7,S2,2023-11-11,restaurante,2024-11-11
108,Guadalupe Rivera,Oro,3.7,S3,2023-11-15,campaña,
109,Guadalupe Morales,Oro,2.6,S1,2023-03-15,referencia,
110,Guadalupe Vázquez,Oro,3.0,S2,2023-06-13,restaurante,2025-05-05
111,Guadalupe Cruz,Oro,2.3,S2,2023-06-30,referencia,
112,Guadalupe Ortiz,Plata,1.4,S2,2023-02-19,restaurante,
113,Guadalupe Gutiérrez,Plata,1.5,S3,2022-12-13,campaña,2025-01-26
114,Guadalupe Chávez,Oro,2.3,S1,2023-05-17,referencia,2024-12-19
115,Guadalupe Ramos,Oro,2.2,S3,2023-10-18,restaurante,
116,Guadalupe Mendoza,Plata,1.4,S2,2023-10-04,campaña,
117,Guadalupe Aguilar,Plata,1.1,S3,2023-02-12,restaurante,
118,Guadalupe Castro,Oro,3.7,S2,2023-01-13,campaña,
119,Guadalupe Reyes,Plata,1.4,S1,2023-04-23,campaña,
120,Guadalupe Medina,VIP,8.0,S3,2023-06-02,restaurante,2024-08-17
121,Guadalupe Silva,Plata,1.0,S3,2023-10-12,restaurante,
122,Guadalupe Fuentes,Plata,1.9,S1,2023-03-25,restaurante,
123,Guadalupe Salinas,Oro,3.7,S3,2022-12-23,restaurante,2024-09-28
124,Guadalupe Garza,Plata,1.8,S3,2023-12-09,restaurante,2024-09-17
125,Guadalupe Cantú,Plata,1.5,S2,2023-12-05,restaurante,
126,Guadalupe Treviño,Plata,1.4,S3,2022-12-31,restaurante,
127,Guadalupe Cavazos,Oro,2.1,S2,2023-10-25,restaurante,
128,Guadalupe Zúñiga,Plata,1.2,S2,2022-12-10,campaña,
129,Pedro Hernández,Plata,2.0,S1,2023-10-14,campaña,
130,Pedro García,Oro,3.4,S3,2023-11-25,campaña,
131,Pedro Martínez,VIP,7.9,S1,2023-04-29,restaurante,
132,Pedro López,Plata,1.1,S3,2023-01-30,referencia,
133,Pedro González,Plata,1.5,S2,2023-07-30,restaurante,
134,Pedro Rodríguez,Plata,2.0,S2,2023-05-29,restaurante,
135,Pedro Pérez,Plata,1.5,S1,2023-07-03,restaurante,
136,Pedro Sánchez,Plata,1.4,S3,2023-07-03,campaña,
137,Pedro Ramírez,Oro,2.2,S1,2023-03-18,restaurante,
138,Pedro Flores,Plata,1.4,S2,2023-12-02,restaurante,
139,Pedro Torres,Plata,1.6,S3,2023-11-28,referencia,
140,Pedro Rivera,Oro,2.4,S3,2023-09-10,restaurante,2024-06-12
141,Pedro Morales,Plata,1.5,S3,2022-12-07,restaurante,
142,Pedro Vázquez,Plata,2.0,S3,2023-12-16,referencia,
143,Pedro Cruz,Oro,2.3,S2,2022-12-24,restaurante,2024-08-30
144,Pedro Ortiz,Oro,3.1,S1,2023-08-09,restaurante,2024-06-23
145,Pedro Gutiérrez,Oro,3.3,S3,2023-01-02,referencia,
146,Pedro Chávez,Plata,1.8,S3,2023-01-21,referencia,
147,Pedro Ramos,Plata,1.9,S3,2023-04-29,restaurante,
148,Pedro Mendoza,VIP,4.9,S2,2023-11-26,campaña,2024-07-12
149,Pedro Aguilar,Plata,1.9,S1,2023-01-27,restaurante,
150,Pedro Castro,Plata,1.5,S2,2023-08-03,restaurante,
151,Pedro Reyes,Plata,1.3,S2,2023-10-19,restaurante,
152,Pedro Medina,Oro,2.9,S3,2023-04-15,restaurante,
153,Pedro Silva,VIP,4.7,S2,2023-03-19,campaña,2025-03-25
154,Pedro Fuentes,Plata,1.2,S1,2023-02-07,campaña,
155,Pedro Salinas,VIP,6.1,S1,2023-11-20,restaurante,
156,Pedro Garza,Plata,1.4,S3,2023-09-13,restaurante,
157,Pedro Cantú,Plata,1.5,S3,2022-11-30,restaurante,
158,Pedro Treviño,Oro,2.1,S1,2023-03-14,referencia,
159,Pedro Cavazos,Plata,1.6,S2,2023-05-09,restaurante,
160,Pedro Zúñiga,Plata,1.5,S2,2022-12-05,campaña,2025-01-18
161,Miguel Hernández,Plata,1.5,S2,2023-03-21,restaurante,
162,Miguel García,VIP,6.6,S3,2023-12-08,restaurante,
163,Miguel Martínez,Plata,1.4,S1,2023-07-03,campaña,
164,Miguel López,VIP,6.5,S1,2023-04-21,campaña,
165,Miguel González,Oro,3.3,S1,2023-02-24,restaurante,
166,Miguel Rodríguez,Plata,1.4,S1,2023-04-08,campaña,
167,Miguel Pérez,Oro,3.6,S3,2023-08-07,referencia,
168,Miguel Sánchez,Plata,1.5,S3,2023-06-13,restaurante,
169,Miguel Ramírez,Plata,1.7,S1,2023-08-15,restaurante,
170,Miguel Flores,Oro,3.3,S2,2023-11-17,restaurante,2024-07-20
171,Miguel Torres,Oro,2.5,S1,2023-03-09,campaña,
172,Miguel Rivera,Plata,1.2,S1,2022-12-15,restaurante,2024-07-07
173,Miguel Morales,Plata,1.3,S1,2023-08-23,restaurante,
174,Miguel Vázquez,Oro,3.5,S1,2023-06-04,restaurante,
175,Miguel Cruz,Oro,2.4,S2,2023-03-07,referencia,
176,Miguel Ortiz,Oro,2.3,S3,2023-08-11,restaurante,
177,Miguel Gutiérrez,Plata,1.3,S2,2023-08-02,campaña,
178,Miguel Chávez,Plata,1.7,S3,2023-11-12,restaurante,
179,Miguel Ramos,Plata,1.8,S2,2023-06-23,referencia,2024-11-10
180,Miguel Mendoza,Oro,3.6,S1,2023-10-11,restaurante,
181,Miguel Aguilar,Oro,2.5,S1,2023-07-06,restaurante,
182,Miguel Castro,Plata,1.2,S1,2023-10-01,referencia,
183,Miguel Reyes,Plata,1.2,S1,2023-06-29,referencia,
184,Miguel Medina,Plata,1.3,S3,2023-10-20,restaurante,
185,Miguel Silva,Oro,2.9,S3,2023-03-27,restaurante,2024-09-13
186,Miguel Fuentes,Oro,2.5,S3,2023-09-02,campaña,
187,Miguel Salinas,Plata,1.9,S2,2023-08-09,referencia,
188,Miguel Garza,Plata,1.9,S2,2023-06-16,restaurante,
189,Miguel Cantú,Plata,1.6,S2,2023-07-09,restaurante,
190,Miguel Treviño,Plata,1.8,S2,2023-01-11,campaña,
191,Miguel Cavazos,Oro,2.2,S3,2023-03-23,campaña,
192,Miguel Zúñiga,Plata,1.5,S3,2023-12-26,campaña,
193,Ana Hernández,Plata,1.6,S3,2023-03-02,restaurante,
194,Ana García,VIP,4.4,S2,2023-05-26,restaurante,
195,Ana Martínez,Plata,1.8,S1,2023-12-05,referencia,
196,Ana López,Plata,1.9,S3,2023-01-27,referencia,
197,Ana González,Plata,1.3,S2,2023-11-11,campaña,
198,Ana Rodríguez,Plata,1.6,S3,2023-07-25,restaurante,
199,Ana Pérez,Plata,1.3,S2,2022-11-30,restaurante,
200,Ana Sánchez,Plata,1.2,S3,2023-05-24,campaña,
201,Ana Ramírez,Plata,1.1,S2,2023-04-25,restaurante,
202,Ana Flores,Plata,1.8,S3,2022-12-18,referencia,
203,Ana Torres,Plata,1.2,S3,2023-03-12,restaurante,
204,Ana Rivera,Oro,2.5,S1,2023-10-23,campaña,
205,Ana Morales,Plata,1.1,S2,2023-09-04,referencia,
206,Ana Vázquez,Plata,1.2,S2,2023-04-05,restaurante,
207,Ana Cruz,Plata,2.0,S3,2023-05-22,restaurante,
208,Ana Ortiz,Oro,2.9,S3,2023-09-18,campaña,
209,Ana Gutiérrez,Oro,3.5,S3,2023-02-25,restaurante,2025-03-28
210,Ana Chávez,Plata,1.8,S2,2023-01-30,restaurante,
211,Ana Ramos,Plata,1.6,S2,2023-08-09,campaña,2024-08-21
212,Ana Mendoza,Plata,1.2,S2,2023-01-07,referencia,2025-06-21
213,Ana Aguilar,Plata,1.1,S3,2023-06-08,restaurante,
214,Ana Castro,Plata,1.7,S1,2023-10-31,restaurante,
215,Ana Reyes,Plata,1.2,S2,2023-08-06,restaurante,
216,Ana Medina,Plata,1.5,S1,2023-03-11,restaurante,
217,Ana Silva,Plata,1.7,S3,2023-01-22,restaurante,
218,Ana Fuentes,Plata,1.4,S2,2023-04-15,restaurante,
219,Ana Salinas,Plata,1.2,S2,2023-07-24,campaña,
220,Ana Garza,Oro,3.5,S2,2022-12-10,restaurante,
221,Ana Cantú,Plata,1.2,S2,2023-11-23,referencia,
222,Ana Treviño,VIP,5.2,S3,2023-06-30,restaurante,2024-11-03
223,Ana Cavazos,Plata,1.9,S2,2023-05-31,restaurante,
224,Ana Zúñiga,Oro,2.5,S2,2023-11-15,campaña,2025-04-08
225,Luis Hernández,VIP,7.8,S1,2023-06-10,referencia,2024-09-06
226,Luis García,VIP,7.4,S1,2023-04-24,restaurante,2024-11-02
227,Luis Martínez,Oro,2.3,S2,2023-02-21,restaurante,2024-11-01
228,Luis López,Oro,2.4,S3,2023-04-21,restaurante,
229,Luis González,Oro,3.7,S3,2023-09-24,restaurante,
230,Luis Rodríguez,Oro,2.1,S2,2023-01-23,restaurante,2025-04-25
231,Luis Pérez,Plata,1.6,S2,2023-01-20,restaurante,
232,Luis Sánchez,Plata,1.1,S2,2023-11-14,restaurante,
233,Luis Ramírez,Plata,1.7,S1,2023-02-23,restaurante,
234,Luis Flores,Oro,3.8,S1,2023-10-19,referencia,
235,Luis Torres,Plata,1.8,S2,2023-06-05,campaña,
236,Luis Rivera,Plata,1.3,S1,2023-07-16,restaurante,
237,Luis Morales,Oro,3.0,S1,2023-04-08,restaurante,2024-07-14
238,Luis Vázquez,Plata,1.4,S1,2023-06-13,restaurante,
239,Luis Cruz,Plata,1.9,S1,2023-02-16,restaurante,
240,Luis Ortiz,Plata,1.7,S2,2023-09-25,campaña,
241,Luis Gutiérrez,Plata,1.2,S3,2023-08-20,referencia,
242,Luis Chávez,Plata,1.7,S3,2023-02-17,referencia,
243,Luis Ramos,Plata,2.0,S2,2023-07-29,referencia,
244,Luis Mendoza,Plata,1.5,S2,2023-08-14,referencia,
245,Luis Aguilar,Plata,1.1,S1,2023-05-08,referencia,
246,Luis Castro,Plata,1.3,S1,2023-07-21,restaurante,
247,Luis Reyes,Oro,2.8,S2,2023-05-02,restaurante,
248,Luis Medina,Plata,1.3,S2,2022-12-06,restaurante,
249,Luis Silva,VIP,5.3,S1,2023-09-29,restaurante,
250,Luis Fuentes,VIP,7.3,S2,2023-05-04,restaurante,
251,Luis Salinas,Plata,1.7,S1,2023-10-05,campaña,2024-11-23
252,Luis Garza,Plata,1.5,S1,2023-06-26,campaña,
253,Luis Cantú,Plata,1.9,S3,2023-12-10,restaurante,
254,Luis Treviño,Oro,3.9,S2,2023-07-27,restaurante,2025-04-23
255,Luis Cavazos,Oro,2.5,S2,2023-03-08,restaurante,2024-10-17
256,Luis Zúñiga,Oro,3.5,S3,2023-03-14,restaurante,
257,Carlos Hernández,Plata,1.5,S3,2023-01-12,referencia,
258,Carlos García,Oro,2.5,S3,2023-02-17,restaurante,
259,Carlos Martínez,Plata,2.0,S2,2023-07-08,campaña,2024-08-27
260,Carlos López,Oro,3.5,S3,2023-03-23,restaurante,
261,Carlos González,Plata,1.5,S2,2023-11-13,restaurante,
262,Carlos Rodríguez,Oro,2.4,S3,2023-07-06,restaurante,
263,Carlos Pérez,Oro,3.6,S3,2023-12-09,campaña,
264,Carlos Sánchez,Plata,1.1,S2,2023-08-15,campaña,
265,Carlos Ramírez,Oro,3.8,S3,2023-04-05,restaurante,
266,Carlos Flores,Plata,1.2,S2,2022-12-29,referencia,
267,Carlos Torres,Oro,2.2,S3,2023-11-26,restaurante,2024-07-20
268,Carlos Rivera,Plata,1.1,S1,2022-12-02,referencia,2024-06-22
269,Carlos Morales,VIP,6.3,S3,2023-02-05,restaurante,2024-12-21
270,Carlos Vázquez,Plata,1.6,S2,2023-07-22,restaurante,
271,Carlos Cruz,VIP,6.1,S3,2023-01-14,campaña,
272,Carlos Ortiz,Oro,2.9,S2,2023-03-26,restaurante,
273,Carlos Gutiérrez,Plata,1.2,S3,2023-08-16,restaurante,
274,Carlos Chávez,Oro,2.5,S1,2023-07-17,restaurante,
275,Carlos Ramos,Oro,3.7,S1,2023-04-01,restaurante,2024-07-28
276,Carlos Mendoza,VIP,7.4,S2,2023-08-22,campaña,
277,Carlos Aguilar,Plata,1.3,S3,2023-03-01,referencia,2025-05-08
278,Carlos Castro,Plata,1.7,S3,2023-04-16,referencia,
279,Carlos Reyes,Plata,1.6,S2,2023-01-03,restaurante,
280,Carlos Medina,Oro,3.1,S2,2023-09-10,restaurante,
281,Carlos Silva,Plata,1.6,S2,2023-04-28,restaurante,
282,Carlos Fuentes,Plata,1.7,S3,2023-04-30,restaurante,
283,Carlos Salinas,Plata,1.1,S2,2023-04-07,restaurante,
284,Carlos Garza,Plata,1.4,S2,2023-07-11,referencia,
285,Carlos Cantú,Plata,1.4,S3,2023-11-28,referencia,
286,Carlos Treviño,Oro,2.5,S1,2023-01-28,campaña,
287,Carlos Cavazos,Oro,3.5,S3,2023-02-04,restaurante,
288,Carlos Zúñiga,Plata,1.5,S1,2023-11-29,restaurante,
289,Jesús Hernández,Plata,1.5,S1,2023-04-29,restaurante,
290,Jesús García,VIP,6.4,S3,2022-11-28,restaurante,
291,Jesús Martínez,Plata,1.5,S3,2023-04-09,restaurante,2025-03-13
292,Jesús López,Plata,1.5,S3,2023-06-23,restaurante,
293,Jesús González,Plata,2.0,S3,2023-06-10,restaurante,
294,Jesús Rodríguez,Oro,2.4,S2,2023-11-05,referencia,2024-11-21
295,Jesús Pérez,Plata,1.4,S2,2023-08-08,restaurante,2024-07-06
296,Jesús Sánchez,Oro,2.1,S1,2023-02-28,referencia,
297,Jesús Ramírez,Oro,2.3,S1,2023-11-20,restaurante,
298,Jesús Flores,Plata,1.6,S1,2022-12-21,restaurante,
299,Jesús Torres,Oro,3.3,S1,2023-08-31,restaurante,
300,Jesús Rivera,Oro,2.5,S2,2023-07-21,restaurante,
301,Jesús Morales,Plata,1.5,S3,2023-10-31,restaurante,
302,Jesús Vázquez,Plata,2.0,S3,2023-03-05,restaurante,
303,Jesús Cruz,Plata,1.3,S2,2023-08-15,referencia,
304,Jesús Ortiz,Plata,1.6,S3,2023-09-23,restaurante,
305,Jesús Gutiérrez,Plata,2.0,S3,2023-11-19,campaña,
306,Jesús Chávez,VIP,7.4,S3,2023-06-05,restaurante,
307,Jesús Ramos,Plata,1.2,S2,2023-08-03,restaurante,
308,Jesús Mendoza,Plata,1.3,S1,2023-06-04,restaurante,
309,Jesús Aguilar,Oro,4.0,S3,2023-07-06,restaurante,
310,Jesús Castro,Plata,1.8,S1,2022-12-03,referencia,
311,Jesús Reyes,VIP,6.2,S2,2023-08-26,campaña,2024-06-13
312,Jesús Medina,Oro,3.0,S1,2023-05-16,campaña,
313,Jesús Silva,Plata,1.7,S3,2023-04-22,restaurante,
314,Jesús Fuentes,Plata,1.3,S2,2023-06-04,restaurante,
315,Jesús Salinas,VIP,7.4,S1,2022-12-03,referencia,2024-07-18
316,Jesús Garza,Oro,3.5,S1,2022-12-04,restaurante,2024-11-20
317,Jesús Cantú,VIP,5.3,S2,2023-11-18,restaurante,2025-01-01
318,Jesús Treviño,Plata,1.3,S2,2023-10-23,restaurante,
319,Jesús Cavazos,Oro,3.2,S3,2023-12-11,campaña,2024-06-02
320,Jesús Zúñiga,Oro,2.3,S1,2023-01-27,campaña,2024-06-07
321,Francisco Hernández,Plata,1.4,S3,2023-04-07,campaña,
322,Francisco García,Plata,1.8,S2,2023-04-26,campaña,2024-11-18
323,Francisco Martínez,Oro,2.4,S3,2023-05-09,restaurante,2025-05-13
324,Francisco López,Plata,1.2,S1,2023-01-05,referencia,
325,Francisco González,Plata,1.7,S1,2023-11-06,restaurante,
326,Francisco Rodríguez,Oro,3.9,S1,2023-03-18,campaña,
327,Francisco Pérez,Plata,1.3,S2,2022-12-29,restaurante,
328,Francisco Sánchez,Plata,1.2,S3,2023-06-25,referencia,
329,Francisco Ramírez,Plata,1.7,S1,2023-08-14,restaurante,2024-07-09
330,Francisco Flores,Plata,1.6,S2,2023-07-10,restaurante,2024-10-03
331,Francisco Torres,VIP,7.1,S1,2023-06-07,restaurante,
332,Francisco Rivera,Oro,2.2,S3,2023-02-11,restaurante,
333,Francisco Morales,Plata,1.6,S3,2023-03-30,restaurante,
334,Francisco Vázquez,VIP,4.9,S3,2023-05-16,campaña,2024-09-02
335,Francisco Cruz,Oro,2.4,S3,2023-07-04,restaurante,
336,Francisco Ortiz,Plata,1.9,S2,2023-07-11,referencia,
337,Francisco Gutiérrez,Oro,2.0,S3,2023-10-13,restaurante,
338,Francisco Chávez,Plata,2.0,S1,2023-06-12,campaña,
339,Francisco Ramos,VIP,7.9,S3,2023-12-28,restaurante,
340,Francisco Mendoza,Oro,3.9,S3,2023-10-17,campaña,
341,Francisco Aguilar,Oro,3.7,S3,2023-12-08,restaurante,2024-12-30
342,Francisco Castro,Plata,1.4,S2,2023-05-01,restaurante,
343,Francisco Reyes,Oro,2.3,S3,2023-04-11,referencia,
344,Francisco Medina,Plata,1.7,S2,2023-10-20,restaurante,2025-03-14
345,Francisco Silva,Plata,1.5,S1,2023-01-27,restaurante,
346,Francisco Fuentes,Plata,2.0,S3,2023-11-10,campaña,
347,Francisco Salinas,Oro,2.3,S1,2023-03-14,campaña,
348,Francisco Garza,Plata,1.5,S1,2023-05-09,restaurante,
349,Francisco Cantú,VIP,4.9,S2,2022-12-20,restaurante,
350,Francisco Treviño,Oro,2.8,S1,2023-10-14,referencia,
351,Francisco Cavazos,Plata,1.6,S3,2023-01-26,campaña,
352,Francisco Zúñiga,Plata,1.3,S2,2023-11-24,referencia,
353,Jorge Hernández,Plata,1.2,S1,2023-03-30,restaurante,
354,Jorge García,Oro,2.7,S3,2023-04-07,campaña,2025-02-15
355,Jorge Martínez,Oro,3.5,S2,2023-06-25,restaurante,2024-11-07
356,Jorge López,Plata,1.3,S1,2023-12-22,referencia,
357,Jorge González,Oro,3.7,S3,2023-01-28,restaurante,
358,Jorge Rodríguez,Plata,2.0,S2,2023-09-23,campaña,
359,Jorge Pérez,Oro,3.8,S1,2023-04-01,restaurante,2025-02-07
360,Jorge Sánchez,VIP,4.6,S3,2023-10-19,restaurante,2024-12-06
361,Jorge Ramírez,Oro,2.6,S2,2023-07-04,campaña,2025-02-22
362,Jorge Flores,Oro,2.8,S3,2023-11-07,restaurante,
363,Jorge Torres,Oro,2.6,S3,2023-07-15,referencia,
364,Jorge Rivera,Plata,1.4,S2,2023-12-20,restaurante,
365,Jorge Morales,Plata,1.1,S3,2023-07-20,campaña,
366,Jorge Vázquez,Plata,1.5,S1,2023-12-27,restaurante,
367,Jorge Cruz,Plata,1.8,S1,2023-12-30,restaurante,
368,Jorge Ortiz,Oro,3.2,S2,2023-08-03,restaurante,
369,Jorge Gutiérrez,Oro,2.7,S3,2023-06-09,restaurante,2025-01-31
370,Jorge Chávez,Oro,2.2,S2,2023-11-24,restaurante,
371,Jorge Ramos,Plata,1.0,S2,2023-02-22,campaña,
372,Jorge Mendoza,Oro,3.5,S3,2023-01-05,campaña,
373,Jorge Aguilar,Plata,1.6,S3,2023-09-10,campaña,
374,Jorge Castro,Plata,2.0,S3,2023-03-13,restaurante,
375,Jorge Reyes,Oro,3.1,S1,2023-12-16,restaurante,
376,Jorge Medina,VIP,8.0,S3,2023-08-20,restaurante,2025-04-04
377,Jorge Silva,Oro,3.7,S2,2023-07-04,campaña,2024-06-29
378,Jorge Fuentes,Plata,1.5,S2,2023-11-02,referencia,
379,Jorge Salinas,Oro,2.3,S2,2022-12-06,restaurante,
380,Jorge Garza,Plata,1.3,S1,2022-12-19,campaña,2025-03-09
381,Jorge Cantú,Oro,2.2,S1,2023-05-27,restaurante,
382,Jorge Treviño,Oro,3.0,S2,2023-07-16,restaurante,
383,Jorge Cavazos,Plata,1.3,S3,2023-01-14,restaurante,
384,Jorge Zúñiga,Plata,1.4,S3,2023-06-14,restaurante,
385,Rosa Hernández,Plata,1.9,S1,2023-01-21,campaña,
386,Rosa García,VIP,7.9,S3,2023-07-30,referencia,
387,Rosa Martínez,Plata,1.3,S1,2023-10-14,restaurante,
388,Rosa López,Oro,2.4,S3,2023-12-20,restaurante,
389,Rosa González,Oro,2.4,S2,2023-06-13,campaña,
390,Rosa Rodríguez,Plata,1.4,S2,2023-04-07,referencia,
391,Rosa Pérez,Plata,1.7,S3,2023-07-01,campaña,
392,Rosa Sánchez,VIP,7.4,S2,2023-12-10,restaurante,2024-11-27
393,Rosa Ramírez,Plata,1.9,S3,2023-05-18,campaña,
394,Rosa Flores,Plata,1.0,S2,2023-05-21,restaurante,
395,Rosa Torres,Oro,2.5,S3,2023-04-05,referencia,2024-12-08
396,Rosa Rivera,Oro,3.6,S2,2023-01-04,restaurante,2025-03-17
397,Rosa Morales,VIP,6.8,S1,2022-12-23,campaña,
398,Rosa Vázquez,Plata,2.0,S3,2023-06-20,restaurante,
399,Rosa Cruz,Plata,1.5,S2,2023-08-18,restaurante,
400,Rosa Ortiz,Plata,1.2,S2,2023-07-06,referencia,
