id_producto,mes_ano,costo_elaboracion
1,2024-01,113.1
1,2024-02,113.1
1,2024-03,113.1
1,2024-04,113.1
1,2024-05,113.1
1,2024-06,113.1
1,2024-07,113.1
1,2024-08,113.1
1,2024-09,113.1
1,2024-10,113.1
1,2024-11,113.1
1,2024-12,113.1
1,2025-01,113.1
1,2025-02,113.1
1,2025-03,113.1
1,2025-04,113.1
1,2025-05,113.1
1,2025-06,113.1
1,2025-07,113.1
1,2025-08,113.1
1,2025-09,113.1
1,2025-10,113.1
1,2025-11,113.1
1,2025-12,113.1
2,2024-01,104.98
2,2024-02,95.84
2,2024-03,93.51
2,2024-04,98.79
2,2024-05,97.44
2,2024-06,115.21
2,2024-07,100.5
2,2024-08,113.17
2,2024-09,95.07
2,2024-10,112.39
2,2024-11,88.42
2,2024-12,97.88
2,2025-01,115.84
2,2025-02,98.23
2,2025-03,103.9
2,2025-04,91.73
2,2025-05,112.91
2,2025-06,97.73
2,2025-07,91.82
2,2025-08,95.27
2,2025-09,116.13
2,2025-10,89.71
2,2025-11,110.28
2,2025-12,90.76
3,2024-01,122.8
3,2024-02,98.52
3,2024-03,110.46
3,2024-04,128.65
3,2024-05,122.75
3,2024-06,102.77
3,2024-07,131.62
3,2024-08,125.57
3,2024-09,112.86
3,2024-10,116.35
3,2024-11,120.81
3,2024-12,120.09
3,2025-01,118.24
3,2025-02,119.96
3,2025-03,125.29
3,2025-04,112.8
3,2025-05,123.38
3,2025-06,113.26
3,2025-07,125.24
3,2025-08,119.03
3,2025-09,127.45
3,2025-10,120.4
3,2025-11,121.73
3,2025-12,119.01
4,2024-01,93.02
4,2024-02,94.51
4,2024-03,91.0
4,2024-04,92.33
4,2024-05,81.93
4,2024-06,97.34
4,2024-07,100.91
4,2024-08,105.17
4,2024-09,107.64
4,2024-10,81.91
4,2024-11,96.87
4,2024-12,86.56
4,2025-01,82.36
4,2025-02,89.79
4,2025-03,95.37
4,2025-04,83.45
4,2025-05,97.74
4,2025-06,91.37
4,2025-07,81.69
4,2025-08,84.83
4,2025-09,106.23
4,2025-10,100.34
4,2025-11,85.14
4,2025-12,105.75
5,2024-01,119.58
5,2024-02,115.11
5,2024-03,114.41
5,2024-04,105.32
5,2024-05,103.79
5,2024-06,92.72
5,2024-07,100.46
5,2024-08,97.68
5,2024-09,119.16
5,2024-10,117.22
5,2024-11,104.63
5,2024-12,91.07
5,2025-01,113.33
5,2025-02,117.24
5,2025-03,109.97
5,2025-04,93.41
5,2025-05,118.04
5,2025-06,110.12
5,2025-07,100.25
5,2025-08,103.3
5,2025-09,107.94
5,2025-10,114.05
5,2025-11,101.88
5,2025-12,113.71
6,2024-01,125.24
6,2024-02,125.3
6,2024-03,130.68
6,2024-04,127.85
6,2024-05,129.69
6,2024-06,135.94
6,2024-07,135.04
6,2024-08,116.47
6,2024-09,136.47
6,2024-10,140.03
6,2024-11,115.55
6,2024-12,114.37
6,2025-01,143.68
6,2025-02,126.61
6,2025-03,123.96
6,2025-04,127.05
6,2025-05,128.11
6,2025-06,146.24
6,2025-07,127.13
6,2025-08,119.85
6,2025-09,147.27
6,2025-10,137.06
6,2025-11,118.47
6,2025-12,115.57
7,2024-01,113.78
7,2024-02,106.08
7,2024-03,119.89
7,2024-04,89.81
7,2024-05,119.7
7,2024-06,112.48
7,2024-07,90.61
7,2024-08,106.57
7,2024-09,110.13
7,2024-10,120.21
7,2024-11,90.2
7,2024-12,109.42
7,2025-01,114.96
7,2025-02,107.9
7,2025-03,91.71
7,2025-04,115.49
7,2025-05,95.81
7,2025-06,111.47
7,2025-07,96.13
7,2025-08,117.47
7,2025-09,102.17
7,2025-10,105.54
7,2025-11,110.34
7,2025-12,93.03
8,2024-01,105.03
8,2024-02,113.53
8,2024-03,100.93
8,2024-04,98.75
8,2024-05,102.57
8,2024-06,120.54
8,2024-07,103.09
8,2024-08,98.87
8,2024-09,102.05
8,2024-10,104.08
8,2024-11,99.68
8,2024-12,101.04
8,2025-01,121.98
8,2025-02,104.01
8,2025-03,98.16
8,2025-04,113.94
8,2025-05,101.24
8,2025-06,126.25
8,2025-07,101.0
8,2025-08,106.3
8,2025-09,100.34
8,2025-10,102.78
8,2025-11,111.3
8,2025-12,94.9
9,2024-01,97.47
9,2024-02,86.4
9,2024-03,86.37
9,2024-04,96.24
9,2024-05,90.24
9,2024-06,90.3
9,2024-07,77.63
9,2024-08,75.78
9,2024-09,74.61
9,2024-10,94.23
9,2024-11,98.02
9,2024-12,80.71
9,2025-01,93.72
9,2025-02,91.05
9,2025-03,96.04
9,2025-04,80.01
9,2025-05,80.8
9,2025-06,86.86
9,2025-07,82.92
9,2025-08,91.23
9,2025-09,83.85
9,2025-10,87.99
9,2025-11,96.64
9,2025-12,85.97
10,2024-01,121.22
10,2024-02,92.27
10,2024-03,123.49
10,2024-04,103.46
10,2024-05,94.83
10,2024-06,110.66
10,2024-07,117.66
10,2024-08,111.9
10,2024-09,118.76
10,2024-10,105.84
10,2024-11,122.6
10,2024-12,100.08
10,2025-01,97.55
10,2025-02,94.25
10,2025-03,109.34
10,2025-04,97.9
10,2025-05,96.3
10,2025-06,112.86
10,2025-07,108.99
10,2025-08,110.03
10,2025-09,113.39
10,2025-10,114.59
10,2025-11,121.94
10,2025-12,98.33
11,2024-01,119.29
11,2024-02,125.05
11,2024-03,152.2
11,2024-04,136.22
11,2024-05,154.96
11,2024-06,126.91
11,2024-07,152.69
11,2024-08,125.83
11,2024-09,152.87
11,2024-10,116.48
11,2024-11,126.01
11,2024-12,130.83
11,2025-01,129.75
11,2025-02,136.58
11,2025-03,154.54
11,2025-04,150.71
11,2025-05,131.05
11,2025-06,137.03
11,2025-07,128.64
11,2025-08,122.61
11,2025-09,132.95
11,2025-10,141.31
11,2025-11,150.92
11,2025-12,124.07
12,2024-01,130.07
12,2024-02,163.85
12,2024-03,130.22
12,2024-04,128.3
12,2024-05,139.76
12,2024-06,131.49
12,2024-07,154.88
12,2024-08,148.66
12,2024-09,130.23
12,2024-10,128.78
12,2024-11,143.2
12,2024-12,129.99
12,2025-01,145.73
12,2025-02,129.39
12,2025-03,161.98
12,2025-04,131.58
12,2025-05,131.12
12,2025-06,157.28
12,2025-07,162.91
12,2025-08,133.27
12,2025-09,158.16
12,2025-10,149.71
12,2025-11,144.37
12,2025-12,157.77
13,2024-01,112.39
13,2024-02,102.56
13,2024-03,99.36
13,2024-04,116.61
13,2024-05,100.58
13,2024-06,107.38
13,2024-07,103.55
13,2024-08,117.84
13,2024-09,92.07
13,2024-10,93.59
13,2024-11,108.39
13,2024-12,113.28
13,2025-01,93.89
13,2025-02,94.43
13,2025-03,111.73
13,2025-04,100.28
13,2025-05,95.8
13,2025-06,89.28
13,2025-07,103.87
13,2025-08,111.34
13,2025-09,107.64
13,2025-10,94.74
13,2025-11,117.2
13,2025-12,92.03
14,2024-01,109.8
14,2024-02,101.95
14,2024-03,115.76
14,2024-04,113.59
14,2024-05,131.58
14,2024-06,108.24
14,2024-07,117.6
14,2024-08,108.12
14,2024-09,118.25
14,2024-10,103.4
14,2024-11,126.81
14,2024-12,119.91
14,2025-01,102.87
14,2025-02,106.22
14,2025-03,130.49
14,2025-04,115.94
14,2025-05,100.87
14,2025-06,121.93
14,2025-07,132.74
14,2025-08,110.9
14,2025-09,127.32
14,2025-10,111.28
14,2025-11,127.41
14,2025-12,106.07
15,2024-01,123.73
15,2024-02,137.72
15,2024-03,125.09
15,2024-04,138.47
15,2024-05,133.6
15,2024-06,116.99
15,2024-07,126.01
15,2024-08,137.21
15,2024-09,116.56
15,2024-10,130.35
15,2024-11,120.28
15,2024-12,133.45
15,2025-01,124.79
15,2025-02,106.3
15,2025-03,135.92
15,2025-04,118.68
15,2025-05,137.66
15,2025-06,110.53
15,2025-07,119.51
15,2025-08,108.05
15,2025-09,133.83
15,2025-10,118.68
15,2025-11,128.36
15,2025-12,118.32
16,2024-01,130.24
16,2024-02,128.65
16,2024-03,126.44
16,2024-04,133.27
16,2024-05,131.98
16,2024-06,118.95
16,2024-07,109.35
16,2024-08,137.22
16,2024-09,123.91
16,2024-10,112.97
16,2024-11,118.81
16,2024-12,123.08
16,2025-01,138.46
16,2025-02,105.72
16,2025-03,115.73
16,2025-04,114.93
16,2025-05,139.97
16,2025-06,140.89
16,2025-07,135.04
16,2025-08,133.32
16,2025-09,124.93
16,2025-10,123.57
16,2025-11,111.19
16,2025-12,117.44
17,2024-01,122.29
17,2024-02,140.98
17,2024-03,119.35
17,2024-04,139.6
17,2024-05,119.04
17,2024-06,111.45
17,2024-07,124.18
17,2024-08,122.63
17,2024-09,116.33
17,2024-10,134.86
17,2024-11,123.14
17,2024-12,142.26
17,2025-01,118.27
17,2025-02,144.07
17,2025-03,133.61
17,2025-04,133.62
17,2025-05,126.94
17,2025-06,143.03
17,2025-07,142.11
17,2025-08,137.22
17,2025-09,139.11
17,2025-10,124.9
17,2025-11,143.18
17,2025-12,132.02
18,2024-01,117.79
18,2024-02,114.38
18,2024-03,115.26
18,2024-04,131.06
18,2024-05,119.99
18,2024-06,104.14
18,2024-07,125.29
18,2024-08,123.05
18,2024-09,104.16
18,2024-10,132.65
18,2024-11,131.83
18,2024-12,131.63
18,2025-01,100.14
18,2025-02,122.79
18,2025-03,133.88
18,2025-04,109.15
18,2025-05,116.96
18,2025-06,119.34
18,2025-07,99.72
18,2025-08,99.65
18,2025-09,126.92
18,2025-10,116.63
18,2025-11,110.38
18,2025-12,105.14
19,2024-01,78.39
19,2024-02,100.04
19,2024-03,92.05
19,2024-04,85.95
19,2024-05,94.65
19,2024-06,97.95
19,2024-07,77.77
19,2024-08,94.08
19,2024-09,81.93
19,2024-10,101.61
19,2024-11,93.38
19,2024-12,90.25
19,2025-01,102.55
19,2025-02,99.5
19,2025-03,76.81
19,2025-04,89.24
19,2025-05,99.67
19,2025-06,96.93
19,2025-07,76.93
19,2025-08,86.01
19,2025-09,100.8
19,2025-10,102.07
19,2025-11,86.69
19,2025-12,88.8
20,2024-01,110.45
20,2024-02,118.31
20,2024-03,117.49
20,2024-04,118.81
20,2024-05,129.63
20,2024-06,132.41
20,2024-07,130.85
20,2024-08,122.05
20,2024-09,134.52
20,2024-10,118.84
20,2024-11,138.93
20,2024-12,141.2
20,2025-01,118.4
20,2025-02,116.45
20,2025-03,116.92
20,2025-04,144.92
20,2025-05,123.77
20,2025-06,126.88
20,2025-07,129.63
20,2025-08,144.14
20,2025-09,134.34
20,2025-10,143.89
20,2025-11,122.24
20,2025-12,126.8
21,2024-01,158.26
21,2024-02,147.54
21,2024-03,136.68
21,2024-04,141.27
21,2024-05,130.16
21,2024-06,151.78
21,2024-07,152.4
21,2024-08,159.87
21,2024-09,133.1
21,2024-10,141.9
21,2024-11,159.55
21,2024-12,126.54
21,2025-01,147.97
21,2025-02,121.24
21,2025-03,145.68
21,2025-04,135.78
21,2025-05,127.36
21,2025-06,132.16
21,2025-07,145.61
21,2025-08,128.68
21,2025-09,144.77
21,2025-10,132.01
21,2025-11,154.98
21,2025-12,144.15
22,2024-01,140.21
22,2024-02,158.14
22,2024-03,139.14
22,2024-04,146.71
22,2024-05,148.17
22,2024-06,127.51
22,2024-07,137.84
22,2024-08,129.58
22,2024-09,138.37
22,2024-10,128.36
22,2024-11,136.32
22,2024-12,126.82
22,2025-01,153.8
22,2025-02,156.97
22,2025-03,156.56
22,2025-04,133.96
22,2025-05,163.24
22,2025-06,125.25
22,2025-07,141.03
22,2025-08,143.81
22,2025-09,162.41
22,2025-10,156.31
22,2025-11,127.31
22,2025-12,134.36
23,2024-01,116.62
23,2024-02,97.78
23,2024-03,94.24
23,2024-04,120.03
23,2024-05,116.38
23,2024-06,122.03
23,2024-07,105.55
23,2024-08,107.63
23,2024-09,103.34
23,2024-10,122.56
23,2024-11,109.27
23,2024-12,96.29
23,2025-01,101.94
23,2025-02,107.44
23,2025-03,111.19
23,2025-04,111.6
23,2025-05,115.43
23,2025-06,109.57
23,2025-07,104.37
23,2025-08,105.52
23,2025-09,119.8
23,2025-10,109.82
23,2025-11,124.63
23,2025-12,97.76
24,2024-01,109.99
24,2024-02,122.91
24,2024-03,109.3
24,2024-04,117.69
24,2024-05,115.7
24,2024-06,115.68
24,2024-07,117.23
24,2024-08,96.9
24,2024-09,112.62
24,2024-10,119.78
24,2024-11,105.81
24,2024-12,101.17
24,2025-01,101.05
24,2025-02,113.84
24,2025-03,126.62
24,2025-04,105.01
24,2025-05,111.53
24,2025-06,104.19
24,2025-07,109.0
24,2025-08,108.04
24,2025-09,117.83
24,2025-10,99.32
24,2025-11,97.87
24,2025-12,119.24
25,2024-01,85.8
25,2024-02,85.63
25,2024-03,82.01
25,2024-04,103.68
25,2024-05,98.65
25,2024-06,89.56
25,2024-07,96.26
25,2024-08,85.2
25,2024-09,95.46
25,2024-10,79.68
25,2024-11,97.16
25,2024-12,101.59
25,2025-01,90.19
25,2025-02,87.45
25,2025-03,98.33
25,2025-04,86.77
25,2025-05,103.34
25,2025-06,81.48
25,2025-07,96.17
25,2025-08,105.29
25,2025-09,85.29
25,2025-10,89.41
25,2025-11,105.11
25,2025-12,102.67
26,2024-01,128.09
26,2024-02,116.33
26,2024-03,138.46
26,2024-04,116.35
26,2024-05,120.69
26,2024-06,111.44
26,2024-07,140.03
26,2024-08,106.85
26,2024-09,130.58
26,2024-10,106.79
26,2024-11,136.68
26,2024-12,118.79
26,2025-01,117.25
26,2025-02,113.35
26,2025-03,123.37
26,2025-04,112.39
26,2025-05,120.54
26,2025-06,116.6
26,2025-07,110.92
26,2025-08,120.22
26,2025-09,136.94
26,2025-10,129.62
26,2025-11,111.11
26,2025-12,124.44
27,2024-01,119.86
27,2024-02,140.14
27,2024-03,143.06
27,2024-04,136.59
27,2024-05,136.63
27,2024-06,109.54
27,2024-07,107.75
27,2024-08,115.51
27,2024-09,109.02
27,2024-10,133.31
27,2024-11,136.13
27,2024-12,113.87
27,2025-01,126.81
27,2025-02,127.67
27,2025-03,133.61
27,2025-04,130.16
27,2025-05,118.24
27,2025-06,108.24
27,2025-07,126.16
27,2025-08,138.08
27,2025-09,133.81
27,2025-10,131.33
27,2025-11,122.13
27,2025-12,120.13
28,2024-01,129.09
28,2024-02,116.07
28,2024-03,150.8
28,2024-04,119.81
28,2024-05,129.49
28,2024-06,117.27
28,2024-07,123.8
28,2024-08,149.77
28,2024-09,114.55
28,2024-10,146.81
28,2024-11,144.3
28,2024-12,151.15
28,2025-01,148.21
28,2025-02,124.75
28,2025-03,136.75
28,2025-04,139.93
28,2025-05,116.73
28,2025-06,139.88
28,2025-07,129.19
28,2025-08,138.85
28,2025-09,140.57
28,2025-10,124.75
28,2025-11,143.93
28,2025-12,116.24
29,2024-01,167.71
29,2024-02,156.26
29,2024-03,159.72
29,2024-04,149.71
29,2024-05,137.56
29,2024-06,137.67
29,2024-07,168.58
29,2024-08,176.49
29,2024-09,157.05
29,2024-10,168.48
29,2024-11,160.85
29,2024-12,178.08
29,2025-01,166.39
29,2025-02,181.49
29,2025-03,138.11
29,2025-04,143.81
29,2025-05,144.25
29,2025-06,175.2
29,2025-07,152.42
29,2025-08,154.99
29,2025-09,160.72
29,2025-10,180.96
29,2025-11,153.49
29,2025-12,144.25
30,2024-01,122.87
30,2024-02,152.69
30,2024-03,135.01
30,2024-04,129.33
30,2024-05,158.19
30,2024-06,128.84
30,2024-07,152.48
30,2024-08,151.56
30,2024-09,131.19
30,2024-10,127.56
30,2024-11,132.79
30,2024-12,136.6
30,2025-01,137.45
30,2025-02,120.72
30,2025-03,144.74
30,2025-04,141.11
30,2025-05,141.14
30,2025-06,139.02
30,2025-07,146.71
30,2025-08,152.16
30,2025-09,119.71
30,2025-10,140.07
30,2025-11,117.95
30,2025-12,157.35
31,2024-01,136.36
31,2024-02,124.66
31,2024-03,120.96
31,2024-04,138.98
31,2024-05,120.04
31,2024-06,108.0
31,2024-07,141.99
31,2024-08,106.27
31,2024-09,138.49
31,2024-10,106.45
31,2024-11,108.56
31,2024-12,124.67
31,2025-01,141.86
31,2025-02,134.4
31,2025-03,138.42
31,2025-04,119.02
31,2025-05,121.68
31,2025-06,136.44
31,2025-07,131.15
31,2025-08,135.8
31,2025-09,137.55
31,2025-10,134.91
31,2025-11,137.95
31,2025-12,114.26
32,2024-01,128.93
32,2024-02,120.5
32,2024-03,130.53
32,2024-04,127.12
32,2024-05,125.35
32,2024-06,127.51
32,2024-07,135.24
32,2024-08,149.71
32,2024-09,137.89
32,2024-10,131.59
32,2024-11,122.85
32,2024-12,131.9
32,2025-01,144.39
32,2025-02,125.57
32,2025-03,145.69
32,2025-04,138.43
32,2025-05,134.81
32,2025-06,123.29
32,2025-07,136.54
32,2025-08,125.52
32,2025-09,154.97
32,2025-10,138.89
32,2025-11,142.62
32,2025-12,115.35
33,2024-01,135.59
33,2024-02,155.36
33,2024-03,122.57
33,2024-04,138.92
33,2024-05,157.05
33,2024-06,125.72
33,2024-07,146.85
33,2024-08,133.58
33,2024-09,122.15
33,2024-10,121.29
33,2024-11,132.18
33,2024-12,122.9
33,2025-01,125.26
33,2025-02,152.78
33,2025-03,136.31
33,2025-04,124.02
33,2025-05,120.64
33,2025-06,149.15
33,2025-07,138.21
33,2025-08,144.18
33,2025-09,121.14
33,2025-10,129.17
33,2025-11,151.03
33,2025-12,117.6
34,2024-01,141.47
34,2024-02,133.05
34,2024-03,158.74
34,2024-04,138.27
34,2024-05,153.81
34,2024-06,143.06
34,2024-07,159.74
34,2024-08,162.63
34,2024-09,134.07
34,2024-10,165.25
34,2024-11,168.76
34,2024-12,126.84
34,2025-01,136.55
34,2025-02,151.51
34,2025-03,158.19
34,2025-04,158.52
34,2025-05,134.5
34,2025-06,162.24
34,2025-07,154.21
34,2025-08,151.35
34,2025-09,138.05
34,2025-10,141.2
34,2025-11,162.52
34,2025-12,141.72
35,2024-01,172.55
35,2024-02,153.6
35,2024-03,173.65
35,2024-04,168.66
35,2024-05,166.13
35,2024-06,158.52
35,2024-07,168.91
35,2024-08,138.3
35,2024-09,176.85
35,2024-10,159.51
35,2024-11,139.75
35,2024-12,162.62
35,2025-01,150.12
35,2025-02,165.14
35,2025-03,143.87
35,2025-04,170.4
35,2025-05,164.83
35,2025-06,136.94
35,2025-07,171.7
35,2025-08,152.82
35,2025-09,143.41
35,2025-10,175.94
35,2025-11,132.77
35,2025-12,171.32
36,2024-01,132.47
36,2024-02,120.11
36,2024-03,157.36
36,2024-04,148.6
36,2024-05,150.23
36,2024-06,117.92
36,2024-07,151.22
36,2024-08,155.62
36,2024-09,122.3
36,2024-10,135.31
36,2024-11,126.64
36,2024-12,138.37
36,2025-01,146.3
36,2025-02,138.45
36,2025-03,157.32
36,2025-04,121.09
36,2025-05,124.17
36,2025-06,143.26
36,2025-07,145.63
36,2025-08,141.84
36,2025-09,125.5
36,2025-10,144.38
36,2025-11,119.72
36,2025-12,137.03
37,2024-01,152.61
37,2024-02,150.32
37,2024-03,132.79
37,2024-04,157.39
37,2024-05,168.62
37,2024-06,140.01
37,2024-07,166.15
37,2024-08,141.49
37,2024-09,149.45
37,2024-10,150.41
37,2024-11,163.7
37,2024-12,169.98
37,2025-01,173.67
37,2025-02,172.73
37,2025-03,161.04
37,2025-04,166.1
37,2025-05,155.73
37,2025-06,161.76
37,2025-07,140.97
37,2025-08,157.9
37,2025-09,167.58
37,2025-10,160.01
37,2025-11,133.77
37,2025-12,159.59
38,2024-01,139.12
38,2024-02,133.86
38,2024-03,113.98
38,2024-04,117.47
38,2024-05,120.29
38,2024-06,133.41
38,2024-07,133.98
38,2024-08,136.03
38,2024-09,112.43
38,2024-10,143.54
38,2024-11,120.5
38,2024-12,132.18
38,2025-01,138.12
38,2025-02,119.28
38,2025-03,138.75
38,2025-04,111.63
38,2025-05,130.37
38,2025-06,122.78
38,2025-07,121.67
38,2025-08,124.38
38,2025-09,131.77
38,2025-10,116.77
38,2025-11,119.03
38,2025-12,134.88
39,2024-01,150.63
39,2024-02,156.38
39,2024-03,122.14
39,2024-04,150.5
39,2024-05,120.46
39,2024-06,160.57
39,2024-07,126.98
39,2024-08,136.84
39,2024-09,122.21
39,2024-10,126.49
39,2024-11,146.9
39,2024-12,144.66
39,2025-01,135.4
39,2025-02,129.42
39,2025-03,127.83
39,2025-04,158.5
39,2025-05,132.71
39,2025-06,126.58
39,2025-07,154.28
39,2025-08,119.86
39,2025-09,137.79
39,2025-10,134.01
39,2025-11,120.48
39,2025-12,118.97
40,2024-01,171.54
40,2024-02,142.58
40,2024-03,168.8
40,2024-04,164.69
40,2024-05,156.96
40,2024-06,146.25
40,2024-07,148.75
40,2024-08,175.37
40,2024-09,153.04
40,2024-10,180.95
40,2024-11,188.06
40,2024-12,173.53
40,2025-01,150.54
40,2025-02,159.09
40,2025-03,166.24
40,2025-04,175.72
40,2025-05,189.49
40,2025-06,187.42
40,2025-07,162.93
40,2025-08,155.03
40,2025-09,188.11
40,2025-10,175.19
40,2025-11,159.28
40,2025-12,163.49
41,2024-01,154.9
41,2024-02,153.23
41,2024-03,154.71
41,2024-04,134.68
41,2024-05,139.07
41,2024-06,157.62
41,2024-07,148.08
41,2024-08,131.84
41,2024-09,125.25
41,2024-10,161.28
41,2024-11,127.35
41,2024-12,121.53
41,2025-01,129.82
41,2025-02,151.86
41,2025-03,137.45
41,2025-04,139.9
41,2025-05,120.78
41,2025-06,136.63
41,2025-07,159.99
41,2025-08,137.83
41,2025-09,137.6
41,2025-10,132.93
41,2025-11,150.51
41,2025-12,137.61
42,2024-01,136.23
42,2024-02,129.03
42,2024-03,127.08
42,2024-04,149.01
42,2024-05,155.11
42,2024-06,126.57
42,2024-07,133.51
42,2024-08,153.75
42,2024-09,154.26
42,2024-10,141.74
42,2024-11,145.73
42,2024-12,149.1
42,2025-01,143.78
42,2025-02,127.49
42,2025-03,148.45
42,2025-04,147.77
42,2025-05,124.1
42,2025-06,146.82
42,2025-07,146.9
42,2025-08,135.09
42,2025-09,141.96
42,2025-10,144.92
42,2025-11,131.34
42,2025-12,125.36
43,2024-01,137.88
43,2024-02,131.29
43,2024-03,129.31
43,2024-04,125.31
43,2024-05,140.57
43,2024-06,113.3
43,2024-07,121.05
43,2024-08,117.04
43,2024-09,135.42
43,2024-10,112.77
43,2024-11,121.04
43,2024-12,138.75
43,2025-01,122.51
43,2025-02,122.35
43,2025-03,120.69
43,2025-04,138.93
43,2025-05,131.25
43,2025-06,128.02
43,2025-07,123.74
43,2025-08,112.59
43,2025-09,128.34
43,2025-10,113.09
43,2025-11,110.73
43,2025-12,127.36
44,2024-01,125.81
44,2024-02,120.58
44,2024-03,114.65
44,2024-04,108.19
44,2024-05,109.31
44,2024-06,129.43
44,2024-07,111.2
44,2024-08,114.29
44,2024-09,104.98
44,2024-10,118.31
44,2024-11,100.46
44,2024-12,126.9
44,2025-01,112.77
44,2025-02,102.85
44,2025-03,107.95
44,2025-04,122.89
44,2025-05,105.74
44,2025-06,108.66
44,2025-07,124.19
44,2025-08,102.39
44,2025-09,114.87
44,2025-10,123.47
44,2025-11,114.77
44,2025-12,123.83
45,2024-01,147.9
45,2024-02,163.84
45,2024-03,164.29
45,2024-04,139.72
45,2024-05,177.87
45,2024-06,161.38
45,2024-07,152.06
45,2024-08,153.08
45,2024-09,169.65
45,2024-10,137.0
45,2024-11,178.09
45,2024-12,148.84
45,2025-01,179.09
45,2025-02,142.55
45,2025-03,150.06
45,2025-04,151.58
45,2025-05,144.21
45,2025-06,156.43
45,2025-07,165.18
45,2025-08,144.01
45,2025-09,180.5
45,2025-10,140.95
45,2025-11,154.04
45,2025-12,141.17
46,2024-01,141.14
46,2024-02,115.33
46,2024-03,110.92
46,2024-04,124.87
46,2024-05,129.91
46,2024-06,131.97
46,2024-07,119.99
46,2024-08,123.21
46,2024-09,111.95
46,2024-10,121.7
46,2024-11,118.04
46,2024-12,126.73
46,2025-01,128.76
46,2025-02,112.52
46,2025-03,129.16
46,2025-04,111.43
46,2025-05,121.95
46,2025-06,117.54
46,2025-07,123.93
46,2025-08,119.88
46,2025-09,130.3
46,2025-10,113.39
46,2025-11,115.93
46,2025-12,144.56
47,2024-01,119.63
47,2024-02,128.3
47,2024-03,138.36
47,2024-04,126.54
47,2024-05,118.2
47,2024-06,121.31
47,2024-07,138.15
47,2024-08,114.69
47,2024-09,132.4
47,2024-10,143.16
47,2024-11,131.82
47,2024-12,145.03
47,2025-01,137.66
47,2025-02,137.61
47,2025-03,118.49
47,2025-04,141.22
47,2025-05,128.44
47,2025-06,121.79
47,2025-07,134.47
47,2025-08,146.34
47,2025-09,139.16
47,2025-10,140.79
47,2025-11,145.79
47,2025-12,136.17
48,2024-01,128.26
48,2024-02,133.97
48,2024-03,125.19
48,2024-04,135.65
48,2024-05,123.47
48,2024-06,144.76
48,2024-07,135.01
48,2024-08,138.19
48,2024-09,132.68
48,2024-10,141.14
48,2024-11,131.56
48,2024-12,143.63
48,2025-01,110.08
48,2025-02,110.15
48,2025-03,116.47
48,2025-04,117.54
48,2025-05,147.77
48,2025-06,116.16
48,2025-07,125.16
48,2025-08,124.86
48,2025-09,145.78
48,2025-10,126.07
48,2025-11,112.28
48,2025-12,131.06
49,2024-01,180.43
49,2024-02,177.0
49,2024-03,168.84
49,2024-04,184.93
49,2024-05,157.55
49,2024-06,174.87
49,2024-07,146.6
49,2024-08,176.3
49,2024-09,151.93
49,2024-10,175.15
49,2024-11,152.49
49,2024-12,143.21
49,2025-01,166.96
49,2025-02,170.95
49,2025-03,168.82
49,2025-04,152.2
49,2025-05,156.04
49,2025-06,168.4
49,2025-07,165.29
49,2025-08,187.23
49,2025-09,178.59
49,2025-10,161.63
49,2025-11,193.34
49,2025-12,161.72
50,2024-01,153.5
50,2024-02,159.11
50,2024-03,160.24
50,2024-04,167.44
50,2024-05,128.79
50,2024-06,155.77
50,2024-07,135.34
50,2024-08,159.09
50,2024-09,163.18
50,2024-10,151.22
50,2024-11,156.43
50,2024-12,146.85
50,2025-01,157.64
50,2025-02,162.69
50,2025-03,169.1
50,2025-04,161.01
50,2025-05,146.46
50,2025-06,137.24
50,2025-07,143.44
50,2025-08,128.01
50,2025-09,140.0
50,2025-10,153.58
50,2025-11,164.98
50,2025-12,144.12
51,2024-01,171.8
51,2024-02,149.08
51,2024-03,166.45
51,2024-04,146.78
51,2024-05,182.85
51,2024-06,177.21
51,2024-07,179.61
51,2024-08,187.02
51,2024-09,160.76
51,2024-10,153.99
51,2024-11,166.42
51,2024-12,158.96
51,2025-01,148.28
51,2025-02,162.2
51,2025-03,162.12
51,2025-04,147.99
51,2025-05,182.07
51,2025-06,162.45
51,2025-07,145.55
51,2025-08,193.89
51,2025-09,181.34
51,2025-10,189.98
51,2025-11,193.19
51,2025-12,168.36
52,2024-01,89.41
52,2024-02,87.63
52,2024-03,81.75
52,2024-04,83.52
52,2024-05,84.84
52,2024-06,88.81
52,2024-07,87.38
52,2024-08,91.75
52,2024-09,79.86
52,2024-10,93.6
52,2024-11,87.77
52,2024-12,75.75
52,2025-01,89.82
52,2025-02,81.86
52,2025-03,81.67
52,2025-04,82.45
52,2025-05,85.52
52,2025-06,85.68
52,2025-07,87.55
52,2025-08,92.1
52,2025-09,82.77
52,2025-10,98.67
52,2025-11,74.81
52,2025-12,86.53
53,2024-01,85.99
53,2024-02,89.4
53,2024-03,104.48
53,2024-04,95.66
53,2024-05,89.88
53,2024-06,83.32
53,2024-07,85.22
53,2024-08,87.88
53,2024-09,99.53
53,2024-10,90.47
53,2024-11,98.84
53,2024-12,96.38
53,2025-01,109.72
53,2025-02,103.16
53,2025-03,100.37
53,2025-04,104.47
53,2025-05,104.58
53,2025-06,94.43
53,2025-07,90.94
53,2025-08,97.61
53,2025-09,85.0
53,2025-10,93.57
53,2025-11,103.75
53,2025-12,87.5
54,2024-01,92.42
54,2024-02,97.68
54,2024-03,76.86
54,2024-04,77.97
54,2024-05,84.35
54,2024-06,89.65
54,2024-07,99.72
54,2024-08,78.86
54,2024-09,79.27
54,2024-10,96.68
54,2024-11,91.65
54,2024-12,85.14
54,2025-01,87.86
54,2025-02,97.41
54,2025-03,94.17
54,2025-04,89.32
54,2025-05,83.43
54,2025-06,98.61
54,2025-07,89.06
54,2025-08,90.97
54,2025-09,82.35
54,2025-10,101.58
54,2025-11,93.1
54,2025-12,100.88
55,2024-01,96.06
55,2024-02,105.52
55,2024-03,100.55
55,2024-04,106.42
55,2024-05,113.56
55,2024-06,108.82
55,2024-07,103.66
55,2024-08,105.23
55,2024-09,110.99
55,2024-10,104.67
55,2024-11,87.79
55,2024-12,114.74
55,2025-01,106.67
55,2025-02,94.62
55,2025-03,91.0
55,2025-04,93.74
55,2025-05,102.7
55,2025-06,86.35
55,2025-07,109.93
55,2025-08,111.68
55,2025-09,110.95
55,2025-10,88.11
55,2025-11,97.36
55,2025-12,93.51
56,2024-01,105.95
56,2024-02,114.1
56,2024-03,118.0
56,2024-04,105.07
56,2024-05,113.23
56,2024-06,112.37
56,2024-07,102.26
56,2024-08,104.25
56,2024-09,123.17
56,2024-10,121.33
56,2024-11,113.24
56,2024-12,117.95
56,2025-01,110.24
56,2025-02,115.71
56,2025-03,103.53
56,2025-04,107.42
56,2025-05,98.29
56,2025-06,109.76
56,2025-07,106.39
56,2025-08,122.55
56,2025-09,120.54
56,2025-10,104.78
56,2025-11,91.39
56,2025-12,109.42
57,2024-01,86.9
57,2024-02,98.6
57,2024-03,94.28
57,2024-04,90.61
57,2024-05,82.64
57,2024-06,80.97
57,2024-07,80.66
57,2024-08,85.52
57,2024-09,97.36
57,2024-10,90.36
57,2024-11,104.12
57,2024-12,100.02
57,2025-01,102.33
57,2025-02,85.05
57,2025-03,85.81
57,2025-04,82.1
57,2025-05,90.33
57,2025-06,100.55
57,2025-07,102.61
57,2025-08,105.35
57,2025-09,97.31
57,2025-10,90.85
57,2025-11,89.68
57,2025-12,106.64
58,2024-01,201.09
58,2024-02,194.77
58,2024-03,208.21
58,2024-04,188.74
58,2024-05,183.11
58,2024-06,199.7
58,2024-07,178.43
58,2024-08,166.63
58,2024-09,176.94
58,2024-10,162.86
58,2024-11,198.25
58,2024-12,192.08
58,2025-01,193.52
58,2025-02,158.18
58,2025-03,207.51
58,2025-04,169.42
58,2025-05,168.66
58,2025-06,159.28
58,2025-07,162.86
58,2025-08,183.59
58,2025-09,170.62
58,2025-10,175.77
58,2025-11,170.91
58,2025-12,203.31
59,2024-01,87.35
59,2024-02,89.48
59,2024-03,112.9
59,2024-04,101.31
59,2024-05,84.53
59,2024-06,111.14
59,2024-07,92.32
59,2024-08,85.35
59,2024-09,111.97
59,2024-10,107.84
59,2024-11,110.73
59,2024-12,111.36
59,2025-01,97.81
59,2025-02,98.89
59,2025-03,102.01
59,2025-04,102.26
59,2025-05,91.92
59,2025-06,110.06
59,2025-07,98.69
59,2025-08,101.79
59,2025-09,103.66
59,2025-10,94.32
59,2025-11,111.97
59,2025-12,98.64
60,2024-01,94.31
60,2024-02,118.95
60,2024-03,90.17
60,2024-04,111.44
60,2024-05,89.37
60,2024-06,113.29
60,2024-07,113.72
60,2024-08,92.07
60,2024-09,118.42
60,2024-10,110.48
60,2024-11,100.96
60,2024-12,115.29
60,2025-01,89.55
60,2025-02,119.02
60,2025-03,88.77
60,2025-04,95.75
60,2025-05,89.44
60,2025-06,104.54
60,2025-07,89.55
60,2025-08,110.21
60,2025-09,119.11
60,2025-10,102.0
60,2025-11,91.95
60,2025-12,107.36
61,2024-01,102.57
61,2024-02,104.8
61,2024-03,90.16
61,2024-04,82.9
61,2024-05,108.2
61,2024-06,103.8
61,2024-07,101.57
61,2024-08,86.4
61,2024-09,93.83
61,2024-10,108.92
61,2024-11,93.09
61,2024-12,97.89
61,2025-01,103.42
61,2025-02,99.27
61,2025-03,88.5
61,2025-04,108.98
61,2025-05,86.22
61,2025-06,90.7
61,2025-07,94.96
61,2025-08,91.24
61,2025-09,89.82
61,2025-10,84.0
61,2025-11,84.92
61,2025-12,103.21
62,2024-01,114.36
62,2024-02,100.37
62,2024-03,101.71
62,2024-04,124.88
62,2024-05,117.03
62,2024-06,130.49
62,2024-07,98.87
62,2024-08,114.88
62,2024-09,131.21
62,2024-10,99.2
62,2024-11,111.89
62,2024-12,128.04
62,2025-01,109.96
62,2025-02,112.42
62,2025-03,106.97
62,2025-04,107.64
62,2025-05,117.06
62,2025-06,101.12
62,2025-07,109.54
62,2025-08,132.24
62,2025-09,114.48
62,2025-10,117.84
62,2025-11,109.45
62,2025-12,103.63
63,2024-01,100.22
63,2024-02,86.19
63,2024-03,90.86
63,2024-04,88.71
63,2024-05,80.85
63,2024-06,100.19
63,2024-07,85.16
63,2024-08,77.08
63,2024-09,82.32
63,2024-10,81.98
63,2024-11,98.73
63,2024-12,99.79
63,2025-01,100.1
63,2025-02,101.52
63,2025-03,99.26
63,2025-04,82.02
63,2025-05,77.38
63,2025-06,87.11
63,2025-07,81.4
63,2025-08,94.38
63,2025-09,103.35
63,2025-10,77.44
63,2025-11,81.87
63,2025-12,90.05
64,2024-01,107.79
64,2024-02,110.71
64,2024-03,107.86
64,2024-04,102.93
64,2024-05,88.5
64,2024-06,88.75
64,2024-07,95.75
64,2024-08,90.16
64,2024-09,98.86
64,2024-10,90.17
64,2024-11,101.68
64,2024-12,102.27
64,2025-01,89.98
64,2025-02,83.42
64,2025-03,98.61
64,2025-04,98.18
64,2025-05,89.26
64,2025-06,96.95
64,2025-07,95.69
64,2025-08,106.45
64,2025-09,108.58
64,2025-10,106.79
64,2025-11,82.88
64,2025-12,102.3
65,2024-01,123.05
65,2024-02,101.6
65,2024-03,128.03
65,2024-04,124.4
65,2024-05,96.45
65,2024-06,114.74
65,2024-07,116.15
65,2024-08,113.49
65,2024-09,99.02
65,2024-10,109.04
65,2024-11,118.72
65,2024-12,120.52
65,2025-01,117.55
65,2025-02,124.92
65,2025-03,109.2
65,2025-04,123.1
65,2025-05,121.41
65,2025-06,108.83
65,2025-07,125.7
65,2025-08,104.5
65,2025-09,112.47
65,2025-10,105.57
65,2025-11,101.02
65,2025-12,119.76
66,2024-01,93.43
66,2024-02,88.59
66,2024-03,91.5
66,2024-04,94.77
66,2024-05,94.18
66,2024-06,91.55
66,2024-07,95.86
66,2024-08,93.65
66,2024-09,95.39
66,2024-10,79.94
66,2024-11,73.44
66,2024-12,74.5
66,2025-01,86.37
66,2025-02,81.77
66,2025-03,80.78
66,2025-04,86.51
66,2025-05,88.45
66,2025-06,76.8
66,2025-07,71.61
66,2025-08,85.99
66,2025-09,81.99
66,2025-10,77.59
66,2025-11,78.72
66,2025-12,83.91
67,2024-01,102.97
67,2024-02,117.22
67,2024-03,114.69
67,2024-04,102.25
67,2024-05,94.15
67,2024-06,99.86
67,2024-07,121.15
67,2024-08,103.41
67,2024-09,102.38
67,2024-10,94.09
67,2024-11,121.83
67,2024-12,99.0
67,2025-01,108.76
67,2025-02,104.28
67,2025-03,105.65
67,2025-04,105.88
67,2025-05,112.31
67,2025-06,120.78
67,2025-07,108.74
67,2025-08,122.4
67,2025-09,119.93
67,2025-10,96.36
67,2025-11,120.24
67,2025-12,101.86
68,2024-01,101.52
68,2024-02,102.27
68,2024-03,92.72
68,2024-04,87.41
68,2024-05,104.94
68,2024-06,98.49
68,2024-07,80.12
68,2024-08,97.68
68,2024-09,86.76
68,2024-10,100.08
68,2024-11,87.18
68,2024-12,82.54
68,2025-01,104.8
68,2025-02,95.16
68,2025-03,96.35
68,2025-04,90.28
68,2025-05,99.4
68,2025-06,87.26
68,2025-07,79.5
68,2025-08,96.52
68,2025-09,91.42
68,2025-10,104.86
68,2025-11,84.74
68,2025-12,95.61
69,2024-01,110.59
69,2024-02,111.66
69,2024-03,96.91
69,2024-04,102.88
69,2024-05,123.74
69,2024-06,110.66
69,2024-07,108.15
69,2024-08,117.13
69,2024-09,119.61
69,2024-10,116.78
69,2024-11,103.82
69,2024-12,94.39
69,2025-01,116.6
69,2025-02,120.53
69,2025-03,97.78
69,2025-04,100.29
69,2025-05,102.58
69,2025-06,123.4
69,2025-07,108.75
69,2025-08,111.71
69,2025-09,113.93
69,2025-10,100.61
69,2025-11,114.22
69,2025-12,125.87
70,2024-01,96.87
70,2024-02,93.84
70,2024-03,95.95
70,2024-04,112.76
70,2024-05,100.31
70,2024-06,112.37
70,2024-07,115.7
70,2024-08,114.43
70,2024-09,103.83
70,2024-10,106.51
70,2024-11,88.47
70,2024-12,98.62
70,2025-01,105.24
70,2025-02,108.72
70,2025-03,109.98
70,2025-04,104.83
70,2025-05,102.83
70,2025-06,115.03
70,2025-07,95.78
70,2025-08,107.07
70,2025-09,110.23
70,2025-10,94.86
70,2025-11,108.69
70,2025-12,94.6
71,2024-01,96.35
71,2024-02,98.1
71,2024-03,110.33
71,2024-04,105.09
71,2024-05,110.56
71,2024-06,87.04
71,2024-07,110.23
71,2024-08,106.81
71,2024-09,99.68
71,2024-10,92.27
71,2024-11,114.0
71,2024-12,100.31
71,2025-01,113.0
71,2025-02,105.65
71,2025-03,112.66
71,2025-04,100.16
71,2025-05,98.14
71,2025-06,103.56
71,2025-07,103.47
71,2025-08,91.37
71,2025-09,96.3
71,2025-10,112.56
71,2025-11,95.72
71,2025-12,101.92
72,2024-01,39.22
72,2024-02,38.04
72,2024-03,42.82
72,2024-04,44.54
72,2024-05,36.59
72,2024-06,37.77
72,2024-07,45.12
72,2024-08,44.74
72,2024-09,38.6
72,2024-10,43.27
72,2024-11,45.72
72,2024-12,47.29
72,2025-01,41.42
72,2025-02,43.66
72,2025-03,36.11
72,2025-04,39.99
72,2025-05,45.59
72,2025-06,40.86
72,2025-07,37.99
72,2025-08,43.27
72,2025-09,38.32
72,2025-10,43.01
72,2025-11,47.38
72,2025-12,41.28
73,2024-01,49.47
73,2024-02,43.49
73,2024-03,50.02
73,2024-04,52.05
73,2024-05,43.39
73,2024-06,48.85
73,2024-07,45.93
73,2024-08,53.85
73,2024-09,41.74
73,2024-10,44.61
73,2024-11,54.8
73,2024-12,46.61
73,2025-01,43.98
73,2025-02,42.1
73,2025-03,53.5
73,2025-04,45.0
73,2025-05,49.36
73,2025-06,47.1
73,2025-07,47.34
73,2025-08,49.13
73,2025-09,52.59
73,2025-10,53.95
73,2025-11,49.69
73,2025-12,45.51
74,2024-01,48.93
74,2024-02,51.15
74,2024-03,46.42
74,2024-04,51.37
74,2024-05,48.69
74,2024-06,43.6
74,2024-07,47.33
74,2024-08,50.81
74,2024-09,42.2
74,2024-10,42.73
74,2024-11,47.59
74,2024-12,44.38
74,2025-01,49.56
74,2025-02,50.22
74,2025-03,45.01
74,2025-04,43.03
74,2025-05,42.78
74,2025-06,38.51
74,2025-07,47.76
74,2025-08,48.9
74,2025-09,45.81
74,2025-10,45.73
74,2025-11,41.12
74,2025-12,48.34
75,2024-01,59.68
75,2024-02,51.9
75,2024-03,58.5
75,2024-04,54.95
75,2024-05,47.54
75,2024-06,59.11
75,2024-07,57.39
75,2024-08,53.08
75,2024-09,56.38
75,2024-10,54.85
75,2024-11,55.34
75,2024-12,55.06
75,2025-01,56.92
75,2025-02,48.48
75,2025-03,50.92
75,2025-04,55.45
75,2025-05,61.89
75,2025-06,54.09
75,2025-07,54.05
75,2025-08,51.91
75,2025-09,46.31
75,2025-10,61.84
75,2025-11,49.58
75,2025-12,46.74
76,2024-01,49.0
76,2024-02,49.36
76,2024-03,52.99
76,2024-04,51.2
76,2024-05,52.07
76,2024-06,58.71
76,2024-07,56.06
76,2024-08,65.3
76,2024-09,52.18
76,2024-10,62.83
76,2024-11,57.52
76,2024-12,50.55
76,2025-01,56.19
76,2025-02,62.19
76,2025-03,53.87
76,2025-04,64.05
76,2025-05,64.76
76,2025-06,53.01
76,2025-07,50.97
76,2025-08,54.23
76,2025-09,56.1
76,2025-10,50.55
76,2025-11,49.61
76,2025-12,64.87
77,2024-01,49.96
77,2024-02,47.59
77,2024-03,56.03
77,2024-04,54.56
77,2024-05,54.62
77,2024-06,56.12
77,2024-07,52.83
77,2024-08,46.9
77,2024-09,53.7
77,2024-10,45.12
77,2024-11,58.25
77,2024-12,56.77
77,2025-01,57.37
77,2025-02,48.18
77,2025-03,56.6
77,2025-04,45.03
77,2025-05,47.99
77,2025-06,48.18
77,2025-07,51.94
77,2025-08,45.65
77,2025-09,52.6
77,2025-10,46.75
77,2025-11,52.83
77,2025-12,54.84
78,2024-01,63.34
78,2024-02,59.57
78,2024-03,49.05
78,2024-04,60.79
78,2024-05,50.34
78,2024-06,56.83
78,2024-07,50.68
78,2024-08,53.98
78,2024-09,56.68
78,2024-10,56.08
78,2024-11,58.89
78,2024-12,50.64
78,2025-01,50.06
78,2025-02,61.99
78,2025-03,63.03
78,2025-04,50.69
78,2025-05,60.81
78,2025-06,53.9
78,2025-07,50.0
78,2025-08,61.38
78,2025-09,61.45
78,2025-10,49.36
78,2025-11,56.12
78,2025-12,56.36
79,2024-01,40.38
79,2024-02,37.1
79,2024-03,46.44
79,2024-04,47.38
79,2024-05,41.19
79,2024-06,43.4
79,2024-07,39.02
79,2024-08,47.42
79,2024-09,42.18
79,2024-10,46.61
79,2024-11,44.17
79,2024-12,37.74
79,2025-01,40.47
79,2025-02,42.85
79,2025-03,47.94
79,2025-04,38.86
79,2025-05,47.04
79,2025-06,48.3
79,2025-07,49.18
79,2025-08,46.61
79,2025-09,49.88
79,2025-10,40.0
79,2025-11,49.89
79,2025-12,38.62
80,2024-01,53.66
80,2024-02,56.36
80,2024-03,51.08
80,2024-04,52.84
80,2024-05,53.29
80,2024-06,51.49
80,2024-07,52.19
80,2024-08,57.07
80,2024-09,52.5
80,2024-10,55.99
80,2024-11,50.62
80,2024-12,52.99
80,2025-01,53.38
80,2025-02,46.87
80,2025-03,44.51
80,2025-04,57.1
80,2025-05,56.3
80,2025-06,55.5
80,2025-07,47.99
80,2025-08,43.49
80,2025-09,52.29
80,2025-10,47.01
80,2025-11,46.88
80,2025-12,55.6
81,2024-01,47.5
81,2024-02,51.03
81,2024-03,46.21
81,2024-04,48.64
81,2024-05,51.4
81,2024-06,51.47
81,2024-07,45.57
81,2024-08,51.69
81,2024-09,45.7
81,2024-10,45.08
81,2024-11,41.63
81,2024-12,48.63
81,2025-01,40.79
81,2025-02,42.76
81,2025-03,43.47
81,2025-04,41.01
81,2025-05,52.79
81,2025-06,47.48
81,2025-07,43.97
81,2025-08,40.77
81,2025-09,43.51
81,2025-10,46.11
81,2025-11,41.61
81,2025-12,45.96
82,2024-01,49.79
82,2024-02,53.74
82,2024-03,56.42
82,2024-04,56.67
82,2024-05,46.86
82,2024-06,46.97
82,2024-07,52.89
82,2024-08,52.09
82,2024-09,54.93
82,2024-10,54.61
82,2024-11,60.44
82,2024-12,48.96
82,2025-01,50.12
82,2025-02,51.95
82,2025-03,61.8
82,2025-04,60.12
82,2025-05,47.58
82,2025-06,61.66
82,2025-07,50.55
82,2025-08,63.2
82,2025-09,61.62
82,2025-10,58.66
82,2025-11,47.95
82,2025-12,53.77
83,2024-01,66.22
83,2024-02,67.06
83,2024-03,54.08
83,2024-04,55.06
83,2024-05,57.44
83,2024-06,53.27
83,2024-07,64.74
83,2024-08,66.59
83,2024-09,67.03
83,2024-10,65.67
83,2024-11,60.1
83,2024-12,64.5
83,2025-01,57.96
83,2025-02,54.77
83,2025-03,58.2
83,2025-04,55.93
83,2025-05,52.8
83,2025-06,58.81
83,2025-07,60.65
83,2025-08,54.94
83,2025-09,57.33
83,2025-10,58.36
83,2025-11,66.65
83,2025-12,65.76
84,2024-01,105.6
84,2024-02,82.76
84,2024-03,105.17
84,2024-04,101.77
84,2024-05,87.85
84,2024-06,81.16
84,2024-07,84.56
84,2024-08,82.95
84,2024-09,99.1
84,2024-10,99.61
84,2024-11,99.08
84,2024-12,96.74
84,2025-01,82.29
84,2025-02,92.07
84,2025-03,99.65
84,2025-04,94.56
84,2025-05,104.42
84,2025-06,80.13
84,2025-07,101.74
84,2025-08,103.73
84,2025-09,88.25
84,2025-10,94.13
84,2025-11,104.58
84,2025-12,95.34
85,2024-01,57.77
85,2024-02,51.92
85,2024-03,48.48
85,2024-04,60.24
85,2024-05,55.22
85,2024-06,60.99
85,2024-07,54.46
85,2024-08,57.48
85,2024-09,57.4
85,2024-10,55.06
85,2024-11,58.18
85,2024-12,47.37
85,2025-01,52.14
85,2025-02,59.54
85,2025-03,47.38
85,2025-04,58.89
85,2025-05,47.46
85,2025-06,46.37
85,2025-07,47.01
85,2025-08,48.61
85,2025-09,56.32
85,2025-10,51.76
85,2025-11,48.05
85,2025-12,47.76
86,2024-01,60.45
86,2024-02,53.65
86,2024-03,66.59
86,2024-04,61.03
86,2024-05,64.1
86,2024-06,68.0
86,2024-07,68.39
86,2024-08,60.23
86,2024-09,69.68
86,2024-10,54.51
86,2024-11,53.42
86,2024-12,68.59
86,2025-01,53.92
86,2025-02,59.62
86,2025-03,66.75
86,2025-04,66.85
86,2025-05,63.17
86,2025-06,55.3
86,2025-07,57.05
86,2025-08,59.7
86,2025-09,65.28
86,2025-10,59.21
86,2025-11,67.18
86,2025-12,59.18
87,2024-01,48.78
87,2024-02,49.18
87,2024-03,47.69
87,2024-04,46.02
87,2024-05,44.86
87,2024-06,47.33
87,2024-07,49.0
87,2024-08,45.71
87,2024-09,40.76
87,2024-10,40.19
87,2024-11,41.78
87,2024-12,39.16
87,2025-01,46.96
87,2025-02,49.26
87,2025-03,48.28
87,2025-04,48.63
87,2025-05,45.83
87,2025-06,41.14
87,2025-07,41.67
87,2025-08,48.05
87,2025-09,49.81
87,2025-10,46.17
87,2025-11,40.76
87,2025-12,50.24
88,2024-01,55.89
88,2024-02,43.84
88,2024-03,56.59
88,2024-04,49.54
88,2024-05,45.47
88,2024-06,45.85
88,2024-07,43.83
88,2024-08,43.06
88,2024-09,48.65
88,2024-10,49.15
88,2024-11,56.14
88,2024-12,47.83
88,2025-01,46.5
88,2025-02,53.43
88,2025-03,43.85
88,2025-04,50.83
88,2025-05,53.04
88,2025-06,51.23
88,2025-07,50.43
88,2025-08,42.74
88,2025-09,44.79
88,2025-10,46.94
88,2025-11,55.27
88,2025-12,53.65
89,2024-01,52.25
89,2024-02,57.77
89,2024-03,56.43
89,2024-04,43.73
89,2024-05,54.73
89,2024-06,51.94
89,2024-07,54.77
89,2024-08,55.78
89,2024-09,54.29
89,2024-10,54.1
89,2024-11,48.16
89,2024-12,45.5
89,2025-01,53.56
89,2025-02,43.94
89,2025-03,45.78
89,2025-04,46.19
89,2025-05,51.28
89,2025-06,53.96
89,2025-07,53.9
89,2025-08,56.55
89,2025-09,54.86
89,2025-10,43.85
89,2025-11,54.68
89,2025-12,44.45
90,2024-01,55.65
90,2024-02,65.19
90,2024-03,59.67
90,2024-04,54.8
90,2024-05,60.37
90,2024-06,61.77
90,2024-07,67.01
90,2024-08,62.74
90,2024-09,57.64
90,2024-10,54.45
90,2024-11,56.41
90,2024-12,59.55
90,2025-01,58.49
90,2025-02,67.27
90,2025-03,58.67
90,2025-04,67.66
90,2025-05,62.09
90,2025-06,55.88
90,2025-07,59.43
90,2025-08,58.41
90,2025-09,53.1
90,2025-10,63.84
90,2025-11,68.66
90,2025-12,57.77
91,2024-01,49.59
91,2024-02,51.63
91,2024-03,55.24
91,2024-04,59.86
91,2024-05,53.47
91,2024-06,48.19
91,2024-07,53.43
91,2024-08,60.72
91,2024-09,55.86
91,2024-10,52.77
91,2024-11,50.21
91,2024-12,58.4
91,2025-01,47.87
91,2025-02,47.66
91,2025-03,55.95
91,2025-04,57.24
91,2025-05,51.8
91,2025-06,53.44
91,2025-07,50.26
91,2025-08,50.75
91,2025-09,60.75
91,2025-10,51.18
91,2025-11,58.3
91,2025-12,56.47
92,2024-01,50.81
92,2024-02,57.49
92,2024-03,52.01
92,2024-04,62.42
92,2024-05,51.15
92,2024-06,61.22
92,2024-07,48.75
92,2024-08,53.96
92,2024-09,60.06
92,2024-10,49.38
92,2024-11,49.71
92,2024-12,60.63
92,2025-01,54.78
92,2025-02,64.13
92,2025-03,49.82
92,2025-04,55.69
92,2025-05,60.74
92,2025-06,58.65
92,2025-07,52.12
92,2025-08,61.26
92,2025-09,60.89
92,2025-10,52.3
92,2025-11,50.37
92,2025-12,63.72
93,2024-01,47.84
93,2024-02,56.41
93,2024-03,50.59
93,2024-04,54.56
93,2024-05,54.26
93,2024-06,50.92
93,2024-07,55.82
93,2024-08,50.82
93,2024-09,54.3
93,2024-10,59.82
93,2024-11,46.97
93,2024-12,47.77
93,2025-01,46.47
93,2025-02,58.8
93,2025-03,58.92
93,2025-04,58.04
93,2025-05,49.39
93,2025-06,56.2
93,2025-07,58.28
93,2025-08,61.66
93,2025-09,61.54
93,2025-10,50.91
93,2025-11,54.21
93,2025-12,46.63
94,2024-01,61.88
94,2024-02,63.42
94,2024-03,57.82
94,2024-04,47.52
94,2024-05,52.8
94,2024-06,49.32
94,2024-07,60.94
94,2024-08,53.72
94,2024-09,51.05
94,2024-10,57.02
94,2024-11,48.6
94,2024-12,51.36
94,2025-01,49.56
94,2025-02,57.43
94,2025-03,56.11
94,2025-04,58.32
94,2025-05,47.57
94,2025-06,54.91
94,2025-07,57.71
94,2025-08,59.02
94,2025-09,59.06
94,2025-10,48.35
94,2025-11,51.94
94,2025-12,57.16
95,2024-01,61.66
95,2024-02,48.79
95,2024-03,57.18
95,2024-04,57.96
95,2024-05,50.44
95,2024-06,50.23
95,2024-07,51.05
95,2024-08,48.55
95,2024-09,62.08
95,2024-10,54.22
95,2024-11,62.06
95,2024-12,64.25
95,2025-01,62.1
95,2025-02,50.36
95,2025-03,62.29
95,2025-04,58.86
95,2025-05,61.93
95,2025-06,57.47
95,2025-07,55.36
95,2025-08,61.38
95,2025-09,59.63
95,2025-10,51.92
95,2025-11,52.7
95,2025-12,52.39
96,2024-01,44.92
96,2024-02,44.9
96,2024-03,51.68
96,2024-04,54.05
96,2024-05,46.37
96,2024-06,49.33
96,2024-07,51.36
96,2024-08,44.62
96,2024-09,55.59
96,2024-10,47.94
96,2024-11,43.3
96,2024-12,43.65
96,2025-01,42.94
96,2025-02,53.45
96,2025-03,50.59
96,2025-04,42.89
96,2025-05,50.11
96,2025-06,49.88
96,2025-07,48.22
96,2025-08,52.14
96,2025-09,53.21
96,2025-10,51.11
96,2025-11,45.57
96,2025-12,50.31
97,2024-01,53.27
97,2024-02,64.93
97,2024-03,59.16
97,2024-04,58.3
97,2024-05,66.72
97,2024-06,64.06
97,2024-07,58.05
97,2024-08,65.53
97,2024-09,54.4
97,2024-10,55.41
97,2024-11,68.45
97,2024-12,58.3
97,2025-01,55.84
97,2025-02,52.48
97,2025-03,65.94
97,2025-04,67.21
97,2025-05,60.43
97,2025-06,69.04
97,2025-07,57.7
97,2025-08,69.48
97,2025-09,52.94
97,2025-10,68.28
97,2025-11,68.78
97,2025-12,64.86
98,2024-01,75.58
98,2024-02,66.26
98,2024-03,71.13
98,2024-04,63.1
98,2024-05,72.68
98,2024-06,66.25
98,2024-07,66.87
98,2024-08,70.88
98,2024-09,61.05
98,2024-10,64.74
98,2024-11,58.59
98,2024-12,75.58
98,2025-01,76.34
98,2025-02,66.81
98,2025-03,72.02
98,2025-04,68.2
98,2025-05,59.14
98,2025-06,65.09
98,2025-07,77.12
98,2025-08,65.21
98,2025-09,63.76
98,2025-10,72.04
98,2025-11,62.01
98,2025-12,76.74
99,2024-01,60.94
99,2024-02,58.81
99,2024-03,62.51
99,2024-04,65.82
99,2024-05,51.1
99,2024-06,64.06
99,2024-07,58.39
99,2024-08,63.28
99,2024-09,51.57
99,2024-10,57.06
99,2024-11,52.13
99,2024-12,59.39
99,2025-01,51.69
99,2025-02,55.9
99,2025-03,57.96
99,2025-04,64.05
99,2025-05,59.94
99,2025-06,57.67
99,2025-07,61.62
99,2025-08,51.81
99,2025-09,59.64
99,2025-10,51.3
99,2025-11,61.43
99,2025-12,63.32
100,2024-01,57.2
100,2024-02,59.6
100,2024-03,57.12
100,2024-04,59.48
100,2024-05,45.66
100,2024-06,47.64
100,2024-07,54.91
100,2024-08,58.08
100,2024-09,51.98
100,2024-10,56.48
100,2024-11,53.66
100,2024-12,58.47
100,2025-01,60.1
100,2025-02,46.75
100,2025-03,54.84
100,2025-04,53.61
100,2025-05,50.0
100,2025-06,58.91
100,2025-07,46.38
100,2025-08,46.13
100,2025-09,46.71
100,2025-10,53.81
100,2025-11,59.63
100,2025-12,52.21
101,2024-01,42.72
101,2024-02,53.12
101,2024-03,42.98
101,2024-04,46.02
101,2024-05,53.48
101,2024-06,46.53
101,2024-07,41.8
101,2024-08,49.46
101,2024-09,41.45
101,2024-10,51.41
101,2024-11,54.13
101,2024-12,55.24
101,2025-01,42.2
101,2025-02,49.69
101,2025-03,49.3
101,2025-04,45.64
101,2025-05,49.74
101,2025-06,50.89
101,2025-07,48.15
101,2025-08,44.57
101,2025-09,49.15
101,2025-10,44.91
101,2025-11,41.95
101,2025-12,51.77
102,2024-01,113.02
102,2024-02,115.27
102,2024-03,128.97
102,2024-04,145.76
102,2024-05,131.0
102,2024-06,126.28
102,2024-07,121.11
102,2024-08,117.53
102,2024-09,116.7
102,2024-10,142.11
102,2024-11,115.99
102,2024-12,139.32
102,2025-01,147.01
102,2025-02,124.74
102,2025-03,111.85
102,2025-04,140.44
102,2025-05,130.5
102,2025-06,144.32
102,2025-07,130.62
102,2025-08,144.24
102,2025-09,127.46
102,2025-10,126.03
102,2025-11,117.05
102,2025-12,114.84
103,2024-01,129.7
103,2024-02,138.62
103,2024-03,135.98
103,2024-04,115.85
103,2024-05,123.16
103,2024-06,138.08
103,2024-07,140.09
103,2024-08,134.58
103,2024-09,128.26
103,2024-10,117.54
103,2024-11,125.82
103,2024-12,121.11
103,2025-01,143.23
103,2025-02,111.33
103,2025-03,109.91
103,2025-04,138.58
103,2025-05,122.26
103,2025-06,130.76
103,2025-07,122.83
103,2025-08,131.8
103,2025-09,127.88
103,2025-10,126.41
103,2025-11,123.68
103,2025-12,145.69
104,2024-01,107.12
104,2024-02,107.88
104,2024-03,131.91
104,2024-04,137.69
104,2024-05,103.69
104,2024-06,128.32
104,2024-07,127.06
104,2024-08,110.69
104,2024-09,121.02
104,2024-10,103.23
104,2024-11,109.5
104,2024-12,104.77
104,2025-01,103.86
104,2025-02,107.02
104,2025-03,127.61
104,2025-04,115.94
104,2025-05,132.11
104,2025-06,114.64
104,2025-07,103.55
104,2025-08,131.8
104,2025-09,131.87
104,2025-10,134.24
104,2025-11,124.67
104,2025-12,104.29
105,2024-01,144.35
105,2024-02,151.99
105,2024-03,136.57
105,2024-04,150.68
105,2024-05,132.61
105,2024-06,152.12
105,2024-07,149.14
105,2024-08,153.44
105,2024-09,141.02
105,2024-10,154.73
105,2024-11,150.11
105,2024-12,146.92
105,2025-01,122.83
105,2025-02,150.27
105,2025-03,142.66
105,2025-04,131.05
105,2025-05,133.06
105,2025-06,122.4
105,2025-07,155.42
105,2025-08,158.38
105,2025-09,129.23
105,2025-10,122.64
105,2025-11,146.08
105,2025-12,121.59
106,2024-01,145.8
106,2024-02,153.82
106,2024-03,166.14
106,2024-04,160.17
106,2024-05,145.22
106,2024-06,139.97
106,2024-07,129.36
106,2024-08,162.76
106,2024-09,164.61
106,2024-10,145.6
106,2024-11,147.99
106,2024-12,134.51
106,2025-01,158.3
106,2025-02,150.72
106,2025-03,146.0
106,2025-04,163.01
106,2025-05,162.38
106,2025-06,136.65
106,2025-07,124.25
106,2025-08,156.4
106,2025-09,158.53
106,2025-10,144.72
106,2025-11,167.32
106,2025-12,151.24
107,2024-01,134.95
107,2024-02,136.76
107,2024-03,127.56
107,2024-04,112.23
107,2024-05,115.66
107,2024-06,112.38
107,2024-07,110.37
107,2024-08,127.38
107,2024-09,129.59
107,2024-10,116.14
107,2024-11,110.34
107,2024-12,123.81
107,2025-01,116.48
107,2025-02,135.16
107,2025-03,116.16
107,2025-04,128.54
107,2025-05,138.68
107,2025-06,132.96
107,2025-07,105.18
107,2025-08,137.79
107,2025-09,137.9
107,2025-10,119.29
107,2025-11,125.57
107,2025-12,127.36
108,2024-01,139.32
108,2024-02,128.02
108,2024-03,121.59
108,2024-04,144.31
108,2024-05,125.2
108,2024-06,131.36
108,2024-07,124.62
108,2024-08,117.11
108,2024-09,122.34
108,2024-10,125.12
108,2024-11,144.3
108,2024-12,131.24
108,2025-01,113.36
108,2025-02,145.67
108,2025-03,110.2
108,2025-04,129.92
108,2025-05,111.94
108,2025-06,130.45
108,2025-07,117.39
108,2025-08,132.2
108,2025-09,142.04
108,2025-10,118.73
108,2025-11,138.14
108,2025-12,137.63
109,2024-01,121.2
109,2024-02,146.75
109,2024-03,140.76
109,2024-04,137.79
109,2024-05,119.44
109,2024-06,124.66
109,2024-07,113.69
109,2024-08,120.29
109,2024-09,119.87
109,2024-10,112.56
109,2024-11,114.97
109,2024-12,137.35
109,2025-01,140.72
109,2025-02,138.84
109,2025-03,129.1
109,2025-04,123.2
109,2025-05,130.18
109,2025-06,143.91
109,2025-07,137.05
109,2025-08,145.22
109,2025-09,112.45
109,2025-10,146.77
109,2025-11,136.8
109,2025-12,145.04
110,2024-01,151.79
110,2024-02,150.05
110,2024-03,119.84
110,2024-04,136.44
110,2024-05,149.89
110,2024-06,124.85
110,2024-07,145.01
110,2024-08,151.25
110,2024-09,128.84
110,2024-10,117.28
110,2024-11,135.05
110,2024-12,146.33
110,2025-01,147.16
110,2025-02,149.35
110,2025-03,122.88
110,2025-04,118.96
110,2025-05,140.75
110,2025-06,123.16
110,2025-07,149.12
110,2025-08,146.87
110,2025-09,139.65
110,2025-10,115.74
110,2025-11,137.52
110,2025-12,120.47
111,2024-01,89.62
111,2024-02,80.38
111,2024-03,80.75
111,2024-04,98.67
111,2024-05,89.45
111,2024-06,90.01
111,2024-07,92.56
111,2024-08,105.5
111,2024-09,82.84
111,2024-10,102.33
111,2024-11,102.13
111,2024-12,99.51
111,2025-01,91.02
111,2025-02,79.65
111,2025-03,84.03
111,2025-04,85.43
111,2025-05,100.73
111,2025-06,97.08
111,2025-07,80.94
111,2025-08,82.47
111,2025-09,101.0
111,2025-10,101.68
111,2025-11,79.06
111,2025-12,104.77
112,2024-01,128.18
112,2024-02,124.58
112,2024-03,102.97
112,2024-04,100.13
112,2024-05,124.95
112,2024-06,114.33
112,2024-07,122.43
112,2024-08,115.75
112,2024-09,124.37
112,2024-10,101.2
112,2024-11,121.93
112,2024-12,97.71
112,2025-01,102.55
112,2025-02,123.11
112,2025-03,128.74
112,2025-04,99.55
112,2025-05,98.07
112,2025-06,119.47
112,2025-07,129.19
112,2025-08,103.43
112,2025-09,100.75
112,2025-10,103.67
112,2025-11,126.3
112,2025-12,98.2
113,2024-01,119.24
113,2024-02,115.59
113,2024-03,102.53
113,2024-04,102.61
113,2024-05,116.97
113,2024-06,112.73
113,2024-07,114.47
113,2024-08,119.58
113,2024-09,116.25
113,2024-10,105.47
113,2024-11,103.48
113,2024-12,106.62
113,2025-01,112.96
113,2025-02,102.35
113,2025-03,120.55
113,2025-04,106.5
113,2025-05,117.41
113,2025-06,103.39
113,2025-07,97.07
113,2025-08,103.77
113,2025-09,112.95
113,2025-10,105.69
113,2025-11,98.54
113,2025-12,119.34
114,2024-01,110.02
114,2024-02,117.83
114,2024-03,103.77
114,2024-04,117.73
114,2024-05,101.93
114,2024-06,123.21
114,2024-07,121.44
114,2024-08,118.4
114,2024-09,125.25
114,2024-10,116.44
114,2024-11,110.4
114,2024-12,103.29
114,2025-01,110.98
114,2025-02,112.92
114,2025-03,101.82
114,2025-04,96.0
114,2025-05,105.8
114,2025-06,95.11
114,2025-07,111.2
114,2025-08,103.05
114,2025-09,116.99
114,2025-10,118.88
114,2025-11,123.1
114,2025-12,114.1
115,2024-01,107.83
115,2024-02,101.34
115,2024-03,100.51
115,2024-04,95.07
115,2024-05,93.55
115,2024-06,107.31
115,2024-07,95.94
115,2024-08,102.87
115,2024-09,105.03
115,2024-10,102.99
115,2024-11,95.58
115,2024-12,108.23
115,2025-01,100.01
115,2025-02,106.24
115,2025-03,95.34
115,2025-04,86.89
115,2025-05,109.26
115,2025-06,90.44
115,2025-07,113.32
115,2025-08,96.57
115,2025-09,94.31
115,2025-10,90.73
115,2025-11,84.92
115,2025-12,109.7
116,2024-01,81.55
116,2024-02,81.77
116,2024-03,90.34
116,2024-04,90.28
116,2024-05,98.54
116,2024-06,86.4
116,2024-07,105.46
116,2024-08,98.49
116,2024-09,81.34
116,2024-10,97.65
116,2024-11,98.47
116,2024-12,102.91
116,2025-01,101.52
116,2025-02,100.06
116,2025-03,89.31
116,2025-04,81.73
116,2025-05,103.41
116,2025-06,80.43
116,2025-07,99.88
116,2025-08,105.57
116,2025-09,84.64
116,2025-10,104.44
116,2025-11,99.99
116,2025-12,80.02
117,2024-01,110.55
117,2024-02,137.34
117,2024-03,117.75
117,2024-04,138.5
117,2024-05,139.96
117,2024-06,136.88
117,2024-07,112.55
117,2024-08,143.16
117,2024-09,107.78
117,2024-10,130.96
117,2024-11,142.41
117,2024-12,117.01
117,2025-01,110.95
117,2025-02,119.44
117,2025-03,117.68
117,2025-04,122.55
117,2025-05,142.31
117,2025-06,110.24
117,2025-07,125.17
117,2025-08,118.5
117,2025-09,144.6
117,2025-10,124.57
117,2025-11,121.61
117,2025-12,131.58
118,2024-01,173.05
118,2024-02,148.91
118,2024-03,158.82
118,2024-04,172.49
118,2024-05,175.87
118,2024-06,158.53
118,2024-07,160.26
118,2024-08,142.94
118,2024-09,166.57
118,2024-10,183.24
118,2024-11,183.44
118,2024-12,145.7
118,2025-01,181.51
118,2025-02,192.84
118,2025-03,152.52
118,2025-04,159.17
118,2025-05,159.92
118,2025-06,179.67
118,2025-07,158.52
118,2025-08,170.41
118,2025-09,190.03
118,2025-10,185.34
118,2025-11,146.26
118,2025-12,187.94
119,2024-01,96.09
119,2024-02,111.99
119,2024-03,91.05
119,2024-04,97.11
119,2024-05,103.64
119,2024-06,114.89
119,2024-07,112.85
119,2024-08,119.7
119,2024-09,89.59
119,2024-10,98.09
119,2024-11,111.96
119,2024-12,96.51
119,2025-01,110.89
119,2025-02,108.65
119,2025-03,91.16
119,2025-04,98.3
119,2025-05,116.87
119,2025-06,102.13
119,2025-07,107.41
119,2025-08,93.02
119,2025-09,117.79
119,2025-10,100.71
119,2025-11,118.15
119,2025-12,100.45
120,2024-01,177.2
120,2024-02,159.14
120,2024-03,148.62
120,2024-04,198.34
120,2024-05,185.49
120,2024-06,157.95
120,2024-07,177.54
120,2024-08,171.8
120,2024-09,149.65
120,2024-10,175.41
120,2024-11,165.06
120,2024-12,170.41
120,2025-01,183.47
120,2025-02,158.88
120,2025-03,169.02
120,2025-04,183.77
120,2025-05,159.91
120,2025-06,171.03
120,2025-07,162.0
120,2025-08,193.66
120,2025-09,188.29
120,2025-10,173.2
120,2025-11,191.62
120,2025-12,188.21
121,2024-01,187.11
121,2024-02,179.12
121,2024-03,176.55
121,2024-04,190.62
121,2024-05,193.54
121,2024-06,157.91
121,2024-07,190.56
121,2024-08,177.5
121,2024-09,203.37
121,2024-10,158.79
121,2024-11,203.55
121,2024-12,171.33
121,2025-01,160.21
121,2025-02,200.19
121,2025-03,167.33
121,2025-04,184.8
121,2025-05,177.12
121,2025-06,174.82
121,2025-07,166.97
121,2025-08,165.98
121,2025-09,201.6
121,2025-10,186.45
121,2025-11,194.51
121,2025-12,193.24
122,2024-01,166.55
122,2024-02,210.23
122,2024-03,192.13
122,2024-04,205.61
122,2024-05,159.0
122,2024-06,182.28
122,2024-07,171.25
122,2024-08,195.11
122,2024-09,170.2
122,2024-10,182.23
122,2024-11,168.28
122,2024-12,175.26
122,2025-01,164.01
122,2025-02,193.72
122,2025-03,159.74
122,2025-04,170.53
122,2025-05,201.05
122,2025-06,176.99
122,2025-07,160.58
122,2025-08,202.2
122,2025-09,173.93
122,2025-10,211.12
122,2025-11,161.61
122,2025-12,210.27
123,2024-01,104.28
123,2024-02,104.5
123,2024-03,102.17
123,2024-04,86.82
123,2024-05,104.5
123,2024-06,112.0
123,2024-07,91.28
123,2024-08,100.26
123,2024-09,94.76
123,2024-10,111.43
123,2024-11,90.32
123,2024-12,93.51
123,2025-01,87.69
123,2025-02,88.89
123,2025-03,108.06
123,2025-04,98.61
123,2025-05,95.05
123,2025-06,89.7
123,2025-07,85.8
123,2025-08,86.03
123,2025-09,89.39
123,2025-10,103.19
123,2025-11,85.64
123,2025-12,93.26
124,2024-01,131.85
124,2024-02,154.82
124,2024-03,143.33
124,2024-04,136.75
124,2024-05,145.94
124,2024-06,167.05
124,2024-07,149.05
124,2024-08,162.49
124,2024-09,126.45
124,2024-10,139.47
124,2024-11,168.93
124,2024-12,156.54
124,2025-01,129.26
124,2025-02,154.31
124,2025-03,145.64
124,2025-04,125.33
124,2025-05,168.55
124,2025-06,142.04
124,2025-07,154.57
124,2025-08,148.74
124,2025-09,136.48
124,2025-10,160.74
124,2025-11,156.26
124,2025-12,145.56
125,2024-01,148.34
125,2024-02,141.08
125,2024-03,141.69
125,2024-04,156.79
125,2024-05,138.79
125,2024-06,131.59
125,2024-07,125.67
125,2024-08,129.88
125,2024-09,118.15
125,2024-10,137.73
125,2024-11,139.13
125,2024-12,129.02
125,2025-01,129.13
125,2025-02,134.91
125,2025-03,153.45
125,2025-04,151.99
125,2025-05,122.8
125,2025-06,136.27
125,2025-07,129.13
125,2025-08,144.28
125,2025-09,128.95
125,2025-10,154.58
125,2025-11,118.31
125,2025-12,125.16
126,2024-01,136.47
126,2024-02,156.95
126,2024-03,142.09
126,2024-04,163.96
126,2024-05,145.53
126,2024-06,135.86
126,2024-07,125.12
126,2024-08,126.81
126,2024-09,160.62
126,2024-10,147.26
126,2024-11,122.93
126,2024-12,159.63
126,2025-01,133.88
126,2025-02,158.23
126,2025-03,144.33
126,2025-04,133.99
126,2025-05,135.49
126,2025-06,156.53
126,2025-07,149.01
126,2025-08,142.78
126,2025-09,141.08
126,2025-10,152.51
126,2025-11,129.93
126,2025-12,127.14
127,2024-01,121.95
127,2024-02,128.99
127,2024-03,114.43
127,2024-04,141.56
127,2024-05,117.23
127,2024-06,137.2
127,2024-07,140.95
127,2024-08,112.64
127,2024-09,135.5
127,2024-10,129.18
127,2024-11,140.76
127,2024-12,132.23
127,2025-01,113.18
127,2025-02,138.92
127,2025-03,118.58
127,2025-04,127.64
127,2025-05,139.02
127,2025-06,129.43
127,2025-07,138.34
127,2025-08,123.79
127,2025-09,114.39
127,2025-10,150.32
127,2025-11,119.98
127,2025-12,133.48
128,2024-01,86.01
128,2024-02,92.2
128,2024-03,108.18
128,2024-04,99.18
128,2024-05,111.56
128,2024-06,98.76
128,2024-07,100.25
128,2024-08,94.94
128,2024-09,95.79
128,2024-10,106.75
128,2024-11,89.0
128,2024-12,84.9
128,2025-01,86.54
128,2025-02,103.03
128,2025-03,101.98
128,2025-04,106.9
128,2025-05,89.09
128,2025-06,92.26
128,2025-07,112.92
128,2025-08,86.21
128,2025-09,90.53
128,2025-10,94.5
128,2025-11,97.2
128,2025-12,92.32
129,2024-01,128.81
129,2024-02,110.97
129,2024-03,134.95
129,2024-04,117.37
129,2024-05,116.47
129,2024-06,129.91
129,2024-07,143.81
129,2024-08,111.8
129,2024-09,116.24
129,2024-10,143.64
129,2024-11,131.86
129,2024-12,108.28
129,2025-01,117.47
129,2025-02,108.23
129,2025-03,135.97
129,2025-04,111.9
129,2025-05,135.54
129,2025-06,139.95
129,2025-07,143.2
129,2025-08,137.83
129,2025-09,108.79
129,2025-10,135.68
129,2025-11,109.33
129,2025-12,125.52
130,2024-01,89.33
130,2024-02,92.13
130,2024-03,92.48
130,2024-04,82.3
130,2024-05,93.82
130,2024-06,98.94
130,2024-07,94.12
130,2024-08,95.53
130,2024-09,87.47
130,2024-10,82.05
130,2024-11,91.59
130,2024-12,82.45
130,2025-01,92.78
130,2025-02,104.32
130,2025-03,98.97
130,2025-04,102.44
130,2025-05,80.4
130,2025-06,89.2
130,2025-07,96.77
130,2025-08,79.51
130,2025-09,97.34
130,2025-10,95.16
130,2025-11,104.44
130,2025-12,96.99
131,2024-01,115.62
131,2024-02,97.73
131,2024-03,117.77
131,2024-04,118.36
131,2024-05,97.2
131,2024-06,113.72
131,2024-07,109.84
131,2024-08,98.59
131,2024-09,108.23
131,2024-10,97.21
131,2024-11,122.11
131,2024-12,105.66
131,2025-01,104.65
131,2025-02,118.8
131,2025-03,120.76
131,2025-04,111.26
131,2025-05,108.43
131,2025-06,105.22
131,2025-07,106.72
131,2025-08,114.87
131,2025-09,96.81
131,2025-10,117.86
131,2025-11,101.61
131,2025-12,108.67
132,2024-01,92.94
132,2024-02,96.52
132,2024-03,89.65
132,2024-04,93.44
132,2024-05,95.49
132,2024-06,87.28
132,2024-07,94.19
132,2024-08,83.25
132,2024-09,97.73
132,2024-10,80.75
132,2024-11,90.96
132,2024-12,74.27
132,2025-01,96.64
132,2025-02,91.94
132,2025-03,96.78
132,2025-04,95.84
132,2025-05,84.29
132,2025-06,83.14
132,2025-07,98.54
132,2025-08,90.56
132,2025-09,75.67
132,2025-10,74.25
132,2025-11,91.16
132,2025-12,84.53
133,2024-01,91.17
133,2024-02,113.31
133,2024-03,96.52
133,2024-04,100.77
133,2024-05,92.81
133,2024-06,88.62
133,2024-07,105.97
133,2024-08,116.09
133,2024-09,116.0
133,2024-10,93.52
133,2024-11,113.71
133,2024-12,110.37
133,2025-01,93.19
133,2025-02,107.43
133,2025-03,90.65
133,2025-04,98.85
133,2025-05,94.67
133,2025-06,100.04
133,2025-07,114.47
133,2025-08,101.63
133,2025-09,109.12
133,2025-10,106.39
133,2025-11,86.69
133,2025-12,87.51
134,2024-01,104.8
134,2024-02,89.12
134,2024-03,103.35
134,2024-04,91.2
134,2024-05,84.58
134,2024-06,94.84
134,2024-07,88.4
134,2024-08,83.98
134,2024-09,88.75
134,2024-10,82.21
134,2024-11,96.8
134,2024-12,97.5
134,2025-01,82.09
134,2025-02,98.92
134,2025-03,91.59
134,2025-04,83.0
134,2025-05,102.1
134,2025-06,89.03
134,2025-07,85.87
134,2025-08,89.18
134,2025-09,79.46
134,2025-10,94.04
134,2025-11,88.86
134,2025-12,98.57
135,2024-01,122.61
135,2024-02,120.21
135,2024-03,103.76
135,2024-04,98.2
135,2024-05,94.13
135,2024-06,99.21
135,2024-07,108.51
135,2024-08,100.22
135,2024-09,111.56
135,2024-10,103.21
135,2024-11,118.48
135,2024-12,103.18
135,2025-01,107.2
135,2025-02,109.57
135,2025-03,119.8
135,2025-04,114.29
135,2025-05,118.38
135,2025-06,119.64
135,2025-07,103.38
135,2025-08,103.96
135,2025-09,106.64
135,2025-10,108.78
135,2025-11,116.92
135,2025-12,119.19
136,2024-01,69.1
136,2024-02,89.66
136,2024-03,76.33
136,2024-04,83.67
136,2024-05,72.84
136,2024-06,72.62
136,2024-07,82.0
136,2024-08,78.43
136,2024-09,70.63
136,2024-10,75.6
136,2024-11,84.18
136,2024-12,88.51
136,2025-01,80.51
136,2025-02,87.81
136,2025-03,70.61
136,2025-04,73.61
136,2025-05,69.69
136,2025-06,88.38
136,2025-07,79.56
136,2025-08,77.33
136,2025-09,71.29
136,2025-10,69.37
136,2025-11,71.81
136,2025-12,80.8
137,2024-01,68.13
137,2024-02,69.25
137,2024-03,61.76
137,2024-04,79.47
137,2024-05,76.03
137,2024-06,69.97
137,2024-07,62.35
137,2024-08,63.51
137,2024-09,65.45
137,2024-10,68.43
137,2024-11,67.37
137,2024-12,63.94
137,2025-01,76.7
137,2025-02,74.44
137,2025-03,69.05
137,2025-04,76.87
137,2025-05,62.52
137,2025-06,77.27
137,2025-07,75.38
137,2025-08,73.63
137,2025-09,81.96
137,2025-10,62.34
137,2025-11,83.24
137,2025-12,79.46
138,2024-01,73.98
138,2024-02,73.22
138,2024-03,65.37
138,2024-04,77.98
138,2024-05,75.24
138,2024-06,74.63
138,2024-07,68.31
138,2024-08,65.7
138,2024-09,68.56
138,2024-10,68.02
138,2024-11,77.53
138,2024-12,62.34
138,2025-01,75.66
138,2025-02,79.77
138,2025-03,59.96
138,2025-04,68.25
138,2025-05,62.77
138,2025-06,71.86
138,2025-07,63.87
138,2025-08,75.07
138,2025-09,64.4
138,2025-10,75.73
138,2025-11,71.52
138,2025-12,77.76
139,2024-01,69.82
139,2024-02,77.05
139,2024-03,81.31
139,2024-04,68.64
139,2024-05,75.37
139,2024-06,75.42
139,2024-07,75.7
139,2024-08,82.27
139,2024-09,73.69
139,2024-10,83.97
139,2024-11,69.58
139,2024-12,74.95
139,2025-01,78.27
139,2025-02,72.42
139,2025-03,68.42
139,2025-04,72.36
139,2025-05,84.92
139,2025-06,84.01
139,2025-07,75.52
139,2025-08,80.72
139,2025-09,84.18
139,2025-10,69.96
139,2025-11,80.96
139,2025-12,68.92
140,2024-01,91.61
140,2024-02,95.41
140,2024-03,96.04
140,2024-04,90.34
140,2024-05,94.27
140,2024-06,80.88
140,2024-07,72.43
140,2024-08,90.71
140,2024-09,80.84
140,2024-10,76.97
140,2024-11,86.03
140,2024-12,94.22
140,2025-01,77.03
140,2025-02,89.91
140,2025-03,89.24
140,2025-04,82.96
140,2025-05,79.26
140,2025-06,76.59
140,2025-07,93.57
140,2025-08,79.97
140,2025-09,77.96
140,2025-10,83.75
140,2025-11,74.76
140,2025-12,93.65
141,2024-01,80.08
141,2024-02,71.6
141,2024-03,84.29
141,2024-04,88.85
141,2024-05,90.4
141,2024-06,79.12
141,2024-07,79.69
141,2024-08,70.95
141,2024-09,82.29
141,2024-10,73.75
141,2024-11,76.43
141,2024-12,71.01
141,2025-01,91.84
141,2025-02,71.56
141,2025-03,71.38
141,2025-04,74.12
141,2025-05,79.34
141,2025-06,92.79
141,2025-07,91.2
141,2025-08,70.53
141,2025-09,80.54
141,2025-10,75.29
141,2025-11,69.71
141,2025-12,87.2
142,2024-01,56.81
142,2024-02,67.94
142,2024-03,57.67
142,2024-04,68.18
142,2024-05,64.4
142,2024-06,59.75
142,2024-07,57.35
142,2024-08,71.27
142,2024-09,72.78
142,2024-10,72.04
142,2024-11,69.24
142,2024-12,66.88
142,2025-01,62.48
142,2025-02,70.9
142,2025-03,73.1
142,2025-04,60.0
142,2025-05,59.66
142,2025-06,73.36
142,2025-07,67.86
142,2025-08,63.74
142,2025-09,59.65
142,2025-10,58.88
142,2025-11,59.51
142,2025-12,64.03
143,2024-01,73.93
143,2024-02,83.16
143,2024-03,68.37
143,2024-04,73.98
143,2024-05,76.51
143,2024-06,77.74
143,2024-07,73.96
143,2024-08,80.23
143,2024-09,65.84
143,2024-10,73.2
143,2024-11,70.58
143,2024-12,67.22
143,2025-01,71.64
143,2025-02,80.82
143,2025-03,68.96
143,2025-04,76.93
143,2025-05,78.19
143,2025-06,62.66
143,2025-07,68.85
143,2025-08,74.41
143,2025-09,80.48
143,2025-10,72.04
143,2025-11,76.43
143,2025-12,62.18
144,2024-01,80.23
144,2024-02,75.19
144,2024-03,67.34
144,2024-04,75.77
144,2024-05,70.66
144,2024-06,67.73
144,2024-07,67.67
144,2024-08,83.65
144,2024-09,71.54
144,2024-10,85.15
144,2024-11,67.91
144,2024-12,72.79
144,2025-01,82.78
144,2025-02,81.29
144,2025-03,76.92
144,2025-04,78.0
144,2025-05,85.84
144,2025-06,77.05
144,2025-07,71.0
144,2025-08,64.53
144,2025-09,67.39
144,2025-10,84.87
144,2025-11,76.22
144,2025-12,78.39
145,2024-01,60.02
145,2024-02,66.09
145,2024-03,74.52
145,2024-04,57.62
145,2024-05,74.5
145,2024-06,62.67
145,2024-07,67.45
145,2024-08,60.28
145,2024-09,74.16
145,2024-10,67.38
145,2024-11,59.0
145,2024-12,70.8
145,2025-01,58.89
145,2025-02,62.61
145,2025-03,63.19
145,2025-04,58.67
145,2025-05,76.48
145,2025-06,64.78
145,2025-07,76.22
145,2025-08,58.47
145,2025-09,67.85
145,2025-10,75.66
145,2025-11,76.62
145,2025-12,60.74
146,2024-01,66.62
146,2024-02,68.13
146,2024-03,77.85
146,2024-04,81.35
146,2024-05,80.27
146,2024-06,73.25
146,2024-07,73.66
146,2024-08,89.24
146,2024-09,72.69
146,2024-10,79.36
146,2024-11,84.28
146,2024-12,89.28
146,2025-01,77.95
146,2025-02,81.69
146,2025-03,83.62
146,2025-04,69.04
146,2025-05,74.11
146,2025-06,69.21
146,2025-07,83.99
146,2025-08,80.83
146,2025-09,76.72
146,2025-10,89.31
146,2025-11,68.38
146,2025-12,74.21
147,2024-01,86.89
147,2024-02,100.43
147,2024-03,100.66
147,2024-04,100.22
147,2024-05,94.27
147,2024-06,81.77
147,2024-07,82.59
147,2024-08,106.22
147,2024-09,87.25
147,2024-10,82.97
147,2024-11,96.99
147,2024-12,105.17
147,2025-01,91.57
147,2025-02,104.84
147,2025-03,103.17
147,2025-04,85.19
147,2025-05,108.19
147,2025-06,94.19
147,2025-07,108.83
147,2025-08,91.42
147,2025-09,99.78
147,2025-10,82.78
147,2025-11,100.53
147,2025-12,106.96
148,2024-01,75.45
148,2024-02,75.68
148,2024-03,72.44
148,2024-04,75.53
148,2024-05,80.92
148,2024-06,77.91
148,2024-07,82.1
148,2024-08,79.08
148,2024-09,84.21
148,2024-10,89.61
148,2024-11,78.02
148,2024-12,72.83
148,2025-01,93.45
148,2025-02,85.52
148,2025-03,80.85
148,2025-04,83.51
148,2025-05,87.06
148,2025-06,92.35
148,2025-07,75.98
148,2025-08,95.08
148,2025-09,76.3
148,2025-10,73.9
148,2025-11,74.18
148,2025-12,72.04
149,2024-01,138.83
149,2024-02,129.02
149,2024-03,134.34
149,2024-04,130.87
149,2024-05,124.5
149,2024-06,130.31
149,2024-07,150.67
149,2024-08,129.68
149,2024-09,132.91
149,2024-10,129.76
149,2024-11,155.59
149,2024-12,122.22
149,2025-01,144.67
149,2025-02,151.37
149,2025-03,124.31
149,2025-04,150.89
149,2025-05,135.3
149,2025-06,126.46
149,2025-07,120.63
149,2025-08,128.29
149,2025-09,138.96
149,2025-10,122.12
149,2025-11,143.58
149,2025-12,143.48
150,2024-01,143.71
150,2024-02,134.84
150,2024-03,138.84
150,2024-04,154.21
150,2024-05,140.91
150,2024-06,140.25
150,2024-07,133.2
150,2024-08,173.36
150,2024-09,161.11
150,2024-10,152.88
150,2024-11,178.49
150,2024-12,151.85
150,2025-01,161.95
150,2025-02,173.12
150,2025-03,153.02
150,2025-04,174.31
150,2025-05,132.72
150,2025-06,163.84
150,2025-07,175.66
150,2025-08,138.43
150,2025-09,142.25
150,2025-10,163.62
150,2025-11,151.22
150,2025-12,176.14
151,2024-01,18.56
151,2024-02,18.24
151,2024-03,17.94
151,2024-04,18.19
151,2024-05,18.54
151,2024-06,18.42
151,2024-07,18.55
151,2024-08,18.02
151,2024-09,17.95
151,2024-10,18.51
151,2024-11,18.25
151,2024-12,18.41
151,2025-01,18.31
151,2025-02,18.32
151,2025-03,18.09
151,2025-04,18.06
151,2025-05,17.88
151,2025-06,18.59
151,2025-07,18.15
151,2025-08,18.05
151,2025-09,18.29
151,2025-10,17.99
151,2025-11,18.45
151,2025-12,18.35
152,2024-01,18.43
152,2024-02,18.0
152,2024-03,17.96
152,2024-04,17.95
152,2024-05,18.27
152,2024-06,18.46
152,2024-07,18.17
152,2024-08,18.44
152,2024-09,17.9
152,2024-10,18.43
152,2024-11,17.91
152,2024-12,17.88
152,2025-01,18.49
152,2025-02,18.47
152,2025-03,18.54
152,2025-04,18.41
152,2025-05,18.19
152,2025-06,17.89
152,2025-07,18.3
152,2025-08,18.3
152,2025-09,18.0
152,2025-10,18.02
152,2025-11,17.88
152,2025-12,18.06
153,2024-01,17.31
153,2024-02,17.1
153,2024-03,17.08
153,2024-04,17.42
153,2024-05,17.09
153,2024-06,16.96
153,2024-07,17.23
153,2024-08,17.53
153,2024-09,16.99
153,2024-10,17.1
153,2024-11,17.01
153,2024-12,17.34
153,2025-01,17.01
153,2025-02,17.0
153,2025-03,16.97
153,2025-04,17.58
153,2025-05,17.39
153,2025-06,17.39
153,2025-07,17.37
153,2025-08,17.15
153,2025-09,17.32
153,2025-10,17.42
153,2025-11,17.36
153,2025-12,17.42
154,2024-01,17.06
154,2024-02,17.31
154,2024-03,17.6
154,2024-04,17.38
154,2024-05,17.08
154,2024-06,17.51
154,2024-07,17.27
154,2024-08,17.08
154,2024-09,17.09
154,2024-10,17.04
154,2024-11,17.42
154,2024-12,17.59
154,2025-01,17.51
154,2025-02,17.24
154,2025-03,17.3
154,2025-04,17.57
154,2025-05,17.11
154,2025-06,17.41
154,2025-07,17.07
154,2025-08,17.52
154,2025-09,17.32
154,2025-10,17.33
154,2025-11,17.35
154,2025-12,17.29
155,2024-01,17.09
155,2024-02,16.97
155,2024-03,17.53
155,2024-04,17.0
155,2024-05,17.32
155,2024-06,16.98
155,2024-07,17.62
155,2024-08,17.31
155,2024-09,17.6
155,2024-10,16.98
155,2024-11,17.52
155,2024-12,17.16
155,2025-01,17.6
155,2025-02,17.56
155,2025-03,17.19
155,2025-04,17.33
155,2025-05,17.43
155,2025-06,17.35
155,2025-07,17.13
155,2025-08,17.62
155,2025-09,17.48
155,2025-10,17.04
155,2025-11,17.26
155,2025-12,17.46
156,2024-01,17.21
156,2024-02,17.37
156,2024-03,17.09
156,2024-04,17.14
156,2024-05,17.47
156,2024-06,17.23
156,2024-07,16.93
156,2024-08,17.45
156,2024-09,17.12
156,2024-10,17.08
156,2024-11,17.07
156,2024-12,17.05
156,2025-01,17.19
156,2025-02,17.13
156,2025-03,17.52
156,2025-04,17.61
156,2025-05,17.47
156,2025-06,17.62
156,2025-07,17.22
156,2025-08,17.16
156,2025-09,17.39
156,2025-10,17.12
156,2025-11,17.48
156,2025-12,17.49
157,2024-01,16.97
157,2024-02,16.77
157,2024-03,16.47
157,2024-04,16.53
157,2024-05,17.04
157,2024-06,16.48
157,2024-07,16.7
157,2024-08,16.96
157,2024-09,16.88
157,2024-10,16.62
157,2024-11,16.5
157,2024-12,16.69
157,2025-01,16.65
157,2025-02,16.82
157,2025-03,16.49
157,2025-04,16.94
157,2025-05,16.85
157,2025-06,16.87
157,2025-07,16.63
157,2025-08,17.02
157,2025-09,16.87
157,2025-10,16.98
157,2025-11,16.56
157,2025-12,16.96
158,2024-01,16.91
158,2024-02,16.53
158,2024-03,17.01
158,2024-04,16.62
158,2024-05,16.82
158,2024-06,16.58
158,2024-07,16.75
158,2024-08,16.61
158,2024-09,16.76
158,2024-10,16.66
158,2024-11,17.11
158,2024-12,16.68
158,2025-01,16.91
158,2025-02,16.7
158,2025-03,16.97
158,2025-04,16.57
158,2025-05,16.92
158,2025-06,16.92
158,2025-07,17.02
158,2025-08,17.12
158,2025-09,16.47
158,2025-10,16.7
158,2025-11,17.13
158,2025-12,16.95
159,2024-01,18.17
159,2024-02,18.5
159,2024-03,18.28
159,2024-04,18.09
159,2024-05,18.27
159,2024-06,17.92
159,2024-07,18.03
159,2024-08,18.15
159,2024-09,17.95
159,2024-10,18.38
159,2024-11,18.26
159,2024-12,18.32
159,2025-01,18.17
159,2025-02,18.4
159,2025-03,18.15
159,2025-04,18.25
159,2025-05,18.57
159,2025-06,18.36
159,2025-07,18.12
159,2025-08,18.33
159,2025-09,18.37
159,2025-10,18.22
159,2025-11,18.31
159,2025-12,18.44
160,2024-01,16.59
160,2024-02,16.19
160,2024-03,16.61
160,2024-04,16.27
160,2024-05,16.34
160,2024-06,16.21
160,2024-07,16.32
160,2024-08,16.5
160,2024-09,16.52
160,2024-10,16.16
160,2024-11,16.3
160,2024-12,16.55
160,2025-01,16.15
160,2025-02,16.15
160,2025-03,16.31
160,2025-04,16.63
160,2025-05,16.13
160,2025-06,16.55
160,2025-07,16.26
160,2025-08,16.51
160,2025-09,16.23
160,2025-10,16.46
160,2025-11,16.32
160,2025-12,16.52
161,2024-01,10.47
161,2024-02,10.39
161,2024-03,10.77
161,2024-04,10.37
161,2024-05,10.61
161,2024-06,10.61
161,2024-07,10.75
161,2024-08,10.76
161,2024-09,10.41
161,2024-10,10.42
161,2024-11,10.53
161,2024-12,10.44
161,2025-01,10.46
161,2025-02,10.43
161,2025-03,10.58
161,2025-04,10.58
161,2025-05,10.52
161,2025-06,10.49
161,2025-07,10.57
161,2025-08,10.52
161,2025-09,10.6
161,2025-10,10.4
161,2025-11,10.76
161,2025-12,10.45
162,2024-01,10.4
162,2024-02,10.36
162,2024-03,10.76
162,2024-04,10.77
162,2024-05,10.45
162,2024-06,10.75
162,2024-07,10.59
162,2024-08,10.7
162,2024-09,10.74
162,2024-10,10.66
162,2024-11,10.43
162,2024-12,10.47
162,2025-01,10.6
162,2025-02,10.68
162,2025-03,10.39
162,2025-04,10.43
162,2025-05,10.45
162,2025-06,10.45
162,2025-07,10.64
162,2025-08,10.63
162,2025-09,10.4
162,2025-10,10.55
162,2025-11,10.45
162,2025-12,10.36
163,2024-01,10.73
163,2024-02,10.67
163,2024-03,10.55
163,2024-04,10.76
163,2024-05,10.47
163,2024-06,10.36
163,2024-07,10.47
163,2024-08,10.55
163,2024-09,10.45
163,2024-10,10.53
163,2024-11,10.44
163,2024-12,10.71
163,2025-01,10.42
163,2025-02,10.49
163,2025-03,10.51
163,2025-04,10.49
163,2025-05,10.76
163,2025-06,10.39
163,2025-07,10.63
163,2025-08,10.49
163,2025-09,10.39
163,2025-10,10.52
163,2025-11,10.53
163,2025-12,10.6
164,2024-01,11.37
164,2024-02,11.5
164,2024-03,11.64
164,2024-04,11.42
164,2024-05,11.48
164,2024-06,11.49
164,2024-07,11.36
164,2024-08,11.63
164,2024-09,11.49
164,2024-10,11.22
164,2024-11,11.65
164,2024-12,11.35
164,2025-01,11.56
164,2025-02,11.56
164,2025-03,11.56
164,2025-04,11.59
164,2025-05,11.25
164,2025-06,11.23
164,2025-07,11.32
164,2025-08,11.33
164,2025-09,11.62
164,2025-10,11.51
164,2025-11,11.38
164,2025-12,11.53
165,2024-01,12.33
165,2024-02,12.11
165,2024-03,12.11
165,2024-04,11.97
165,2024-05,12.01
165,2024-06,12.09
165,2024-07,12.12
165,2024-08,12.02
165,2024-09,12.04
165,2024-10,12.15
165,2024-11,12.31
165,2024-12,12.03
165,2025-01,11.9
165,2025-02,12.03
165,2025-03,12.04
165,2025-04,12.25
165,2025-05,11.93
165,2025-06,11.92
165,2025-07,12.07
165,2025-08,12.03
165,2025-09,11.92
165,2025-10,12.03
165,2025-11,12.34
165,2025-12,12.15
166,2024-01,12.34
166,2024-02,12.22
166,2024-03,12.29
166,2024-04,12.1
166,2024-05,12.06
166,2024-06,12.07
166,2024-07,11.89
166,2024-08,12.11
166,2024-09,12.16
166,2024-10,12.26
166,2024-11,12.15
166,2024-12,12.22
166,2025-01,11.92
166,2025-02,12.03
166,2025-03,12.09
166,2025-04,12.21
166,2025-05,11.93
166,2025-06,11.92
166,2025-07,12.26
166,2025-08,11.87
166,2025-09,11.96
166,2025-10,12.33
166,2025-11,12.11
166,2025-12,12.03
167,2024-01,16.66
167,2024-02,16.8
167,2024-03,16.68
167,2024-04,16.34
167,2024-05,16.42
167,2024-06,16.21
167,2024-07,16.74
167,2024-08,16.34
167,2024-09,16.72
167,2024-10,16.35
167,2024-11,16.65
167,2024-12,16.41
167,2025-01,16.8
167,2025-02,16.52
167,2025-03,16.32
167,2025-04,16.8
167,2025-05,16.68
167,2025-06,16.48
167,2025-07,16.69
167,2025-08,16.32
167,2025-09,16.35
167,2025-10,16.51
167,2025-11,16.62
167,2025-12,16.26
168,2024-01,25.95
168,2024-02,25.94
168,2024-03,26.08
168,2024-04,25.88
168,2024-05,26.37
168,2024-06,26.92
168,2024-07,26.3
168,2024-08,26.12
168,2024-09,26.41
168,2024-10,26.37
168,2024-11,26.47
168,2024-12,25.98
168,2025-01,26.76
168,2025-02,26.21
168,2025-03,25.96
168,2025-04,25.91
168,2025-05,26.58
168,2025-06,26.16
168,2025-07,26.43
168,2025-08,26.62
168,2025-09,26.44
168,2025-10,26.69
168,2025-11,26.6
168,2025-12,26.68
169,2024-01,26.69
169,2024-02,26.28
169,2024-03,26.59
169,2024-04,26.84
169,2024-05,26.35
169,2024-06,26.8
169,2024-07,25.99
169,2024-08,25.91
169,2024-09,25.87
169,2024-10,26.03
169,2024-11,26.75
169,2024-12,26.77
169,2025-01,25.96
169,2025-02,26.87
169,2025-03,26.76
169,2025-04,26.44
169,2025-05,26.02
169,2025-06,26.18
169,2025-07,26.74
169,2025-08,26.71
169,2025-09,26.67
169,2025-10,26.91
169,2025-11,26.24
169,2025-12,26.75
170,2024-01,27.19
170,2024-02,27.96
170,2024-03,27.8
170,2024-04,27.85
170,2024-05,27.84
170,2024-06,27.03
170,2024-07,27.81
170,2024-08,27.34
170,2024-09,27.97
170,2024-10,27.08
170,2024-11,27.72
170,2024-12,27.06
170,2025-01,27.87
170,2025-02,26.99
170,2025-03,27.59
170,2025-04,27.87
170,2025-05,27.48
170,2025-06,27.83
170,2025-07,27.26
170,2025-08,27.58
170,2025-09,28.04
170,2025-10,27.92
170,2025-11,27.9
170,2025-12,27.66
171,2024-01,29.03
171,2024-02,28.21
171,2024-03,28.32
171,2024-04,28.21
171,2024-05,28.69
171,2024-06,28.08
171,2024-07,28.64
171,2024-08,28.17
171,2024-09,28.54
171,2024-10,29.17
171,2024-11,29.1
171,2024-12,28.15
171,2025-01,28.17
171,2025-02,28.17
171,2025-03,28.97
171,2025-04,28.6
171,2025-05,28.85
171,2025-06,28.44
171,2025-07,28.83
171,2025-08,28.59
171,2025-09,28.26
171,2025-10,28.6
171,2025-11,28.99
171,2025-12,28.84
172,2024-01,28.38
172,2024-02,29.11
172,2024-03,28.84
172,2024-04,28.82
172,2024-05,28.78
172,2024-06,28.44
172,2024-07,28.39
172,2024-08,28.49
172,2024-09,29.09
172,2024-10,28.76
172,2024-11,28.14
172,2024-12,28.92
172,2025-01,28.42
172,2025-02,29.0
172,2025-03,28.42
172,2025-04,28.76
172,2025-05,28.27
172,2025-06,28.67
172,2025-07,29.03
172,2025-08,28.8
172,2025-09,29.12
172,2025-10,28.36
172,2025-11,28.27
172,2025-12,28.95
173,2024-01,27.07
173,2024-02,27.59
173,2024-03,27.59
173,2024-04,27.12
173,2024-05,27.01
173,2024-06,27.41
173,2024-07,27.53
173,2024-08,27.43
173,2024-09,27.83
173,2024-10,28.03
173,2024-11,27.29
173,2024-12,27.43
173,2025-01,27.43
173,2025-02,27.04
173,2025-03,27.98
173,2025-04,28.02
173,2025-05,27.05
173,2025-06,27.72
173,2025-07,27.52
173,2025-08,27.87
173,2025-09,27.24
173,2025-10,27.14
173,2025-11,27.85
173,2025-12,27.61
174,2024-01,27.77
174,2024-02,27.65
174,2024-03,27.29
174,2024-04,27.45
174,2024-05,27.78
174,2024-06,27.91
174,2024-07,27.49
174,2024-08,27.47
174,2024-09,27.66
174,2024-10,26.97
174,2024-11,27.14
174,2024-12,27.13
174,2025-01,27.03
174,2025-02,27.41
174,2025-03,26.96
174,2025-04,27.43
174,2025-05,27.57
174,2025-06,27.4
174,2025-07,27.47
174,2025-08,27.09
174,2025-09,27.7
174,2025-10,27.49
174,2025-11,27.23
174,2025-12,27.98
175,2024-01,28.18
175,2024-02,27.98
175,2024-03,28.31
175,2024-04,27.87
175,2024-05,27.31
175,2024-06,27.65
175,2024-07,27.93
175,2024-08,27.81
175,2024-09,27.47
175,2024-10,27.36
175,2024-11,28.0
175,2024-12,27.84
175,2025-01,27.56
175,2025-02,27.6
175,2025-03,28.03
175,2025-04,28.17
175,2025-05,28.05
175,2025-06,27.93
175,2025-07,27.34
175,2025-08,28.08
175,2025-09,27.83
175,2025-10,27.85
175,2025-11,27.57
175,2025-12,27.3
176,2024-01,28.23
176,2024-02,27.77
176,2024-03,28.31
176,2024-04,27.53
176,2024-05,27.7
176,2024-06,27.67
176,2024-07,27.44
176,2024-08,28.23
176,2024-09,28.38
176,2024-10,27.42
176,2024-11,27.68
176,2024-12,27.76
176,2025-01,28.36
176,2025-02,27.64
176,2025-03,28.15
176,2025-04,27.7
176,2025-05,27.53
176,2025-06,28.04
176,2025-07,27.7
176,2025-08,27.58
176,2025-09,27.94
176,2025-10,27.86
176,2025-11,27.69
176,2025-12,27.35
177,2024-01,27.3
177,2024-02,27.69
177,2024-03,28.04
177,2024-04,27.9
177,2024-05,28.35
177,2024-06,27.32
177,2024-07,27.56
177,2024-08,28.06
177,2024-09,27.49
177,2024-10,27.92
177,2024-11,28.25
177,2024-12,27.88
177,2025-01,27.96
177,2025-02,27.57
177,2025-03,27.36
177,2025-04,27.3
177,2025-05,28.05
177,2025-06,28.23
177,2025-07,28.16
177,2025-08,27.85
177,2025-09,27.65
177,2025-10,27.85
177,2025-11,27.94
177,2025-12,28.32
178,2024-01,27.47
178,2024-02,27.08
178,2024-03,27.58
178,2024-04,27.31
178,2024-05,26.79
178,2024-06,27.13
178,2024-07,27.3
178,2024-08,27.35
178,2024-09,26.9
178,2024-10,27.35
178,2024-11,26.67
178,2024-12,26.69
178,2025-01,27.3
178,2025-02,27.49
178,2025-03,27.71
178,2025-04,27.4
178,2025-05,27.19
178,2025-06,26.79
178,2025-07,27.59
178,2025-08,27.58
178,2025-09,26.84
178,2025-10,26.82
178,2025-11,27.61
178,2025-12,27.44
179,2024-01,38.59
179,2024-02,38.0
179,2024-03,38.73
179,2024-04,38.77
179,2024-05,38.05
179,2024-06,38.18
179,2024-07,37.96
179,2024-08,38.37
179,2024-09,39.12
179,2024-10,37.93
179,2024-11,39.06
179,2024-12,37.7
179,2025-01,37.95
179,2025-02,38.96
179,2025-03,37.65
179,2025-04,38.03
179,2025-05,38.19
179,2025-06,37.98
179,2025-07,38.2
179,2025-08,38.12
179,2025-09,38.76
179,2025-10,38.24
179,2025-11,37.66
179,2025-12,38.06
180,2024-01,29.97
180,2024-02,30.69
180,2024-03,30.17
180,2024-04,30.51
180,2024-05,30.49
180,2024-06,30.02
180,2024-07,30.22
180,2024-08,30.63
180,2024-09,30.03
180,2024-10,29.96
180,2024-11,30.05
180,2024-12,30.48
180,2025-01,29.81
180,2025-02,30.83
180,2025-03,30.56
180,2025-04,30.7
180,2025-05,29.95
180,2025-06,30.94
180,2025-07,30.21
180,2025-08,30.45
180,2025-09,30.77
180,2025-10,30.15
180,2025-11,30.1
180,2025-12,30.32
181,2024-01,35.82
181,2024-02,34.96
181,2024-03,35.49
181,2024-04,34.55
181,2024-05,34.74
181,2024-06,34.84
181,2024-07,35.43
181,2024-08,35.02
181,2024-09,34.79
181,2024-10,34.63
181,2024-11,35.12
181,2024-12,35.77
181,2025-01,35.47
181,2025-02,35.74
181,2025-03,34.61
181,2025-04,34.54
181,2025-05,35.37
181,2025-06,35.56
181,2025-07,34.94
181,2025-08,34.64
181,2025-09,34.93
181,2025-10,35.35
181,2025-11,34.54
181,2025-12,35.38
182,2024-01,30.37
182,2024-02,30.86
182,2024-03,30.42
182,2024-04,30.46
182,2024-05,30.03
182,2024-06,30.67
182,2024-07,30.44
182,2024-08,30.39
182,2024-09,30.49
182,2024-10,29.95
182,2024-11,29.8
182,2024-12,30.99
182,2025-01,30.47
182,2025-02,30.49
182,2025-03,30.38
182,2025-04,30.54
182,2025-05,30.06
182,2025-06,30.02
182,2025-07,30.57
182,2025-08,29.99
182,2025-09,30.82
182,2025-10,30.51
182,2025-11,29.95
182,2025-12,30.18
